id,name,label
N0,upper respiratory tract infection,Disease
N1,sneeze,Symptom
N2,fever,Symptom
N3,infectious nasal discharge (purulent nasal discharge),Symptom
N4,coughing,Symptom
N5,acute cough,Symptom
N6,conjunctival injection,Symptom
N7,sore throat,Symptom
N8,nasal congestion,Symptom
N9,headaches,Symptom
N10,sputum,Symptom
N11,"runny nose, nasal congestion",Symptom
N12,pneumococcus,Risk_Factor
N13,carotid bruit,Risk_Factor
N14,pneumococcus,Cause
N15,pituitary disease (prolactinoma),Disease
N16,irregular uterine bleeding,Symptom
N17,visual field defect,Symptom
N18,amenorrhea due to endocrine problems.,Symptom
N19,lactation,Symptom
N20,turner syndrome,Disease
N21,valgus,Symptom
N22,kidney abnormalities,Symptom
N23,micrognathia,Symptom
N24,global developmental delay,Symptom
N25,urinary tract malformation,Symptom
N26,webbed neck,Symptom
N27,delayed puberty,Symptom
N28,thyroid disorders,Symptom
N29,short stature,Symptom
N30,diabetes,Symptom
N31,growth and developmental delay,Symptom
N32,fertility difficulties,Symptom
N33,cardiac malformations,Symptom
N34,amenorrhea,Symptom
N35,anorexia nervosa,Disease
N36,psychogenic amenorrhea,Symptom
N37,tooth erosion,Symptom
N38,weight loss,Symptom
N39,low self-esteem,Symptom
N40,mood instability,Symptom
N41,evidence of vomiting,Symptom
N42,severe wasting (less than 85% of normal weight),Symptom
N43,edema,Symptom
N44,abdominal fullness,Symptom
N45,body dissatisfaction,Symptom
N46,constipation,Symptom
N47,decreased oral intake,Symptom
N48,weight loss due to psychiatric illness.,Symptom
N49,fear of weight gain,Symptom
N50,memory loss,Symptom
N51,arrhythmia,Symptom
N52,skin dryness,Symptom
N53,alopecia,Symptom
N54,chronic fatigue,Symptom
N55,"a young, thin woman",Risk_Factor
N56,tuberculosis,Cause
N57,epigenetic changes,Cause
N58,emetic,Cause
N59,gastrointestinal disturbances,Cause
N60,cancer,Cause
N61,psychological disorders,Cause
N62,body dissatisfaction,Cause
N63,celiac disease,Cause
N64,genetics,Cause
N65,social pressure,Cause
N66,prematurity,Cause
N67,primary dysmenorrhea,Disease
N68,dysmenorrhea lasting 48–72 hours after the onset of menstruation.,Symptom
N69,lower abdominal pain,Symptom
N70,painful menstruation,Symptom
N71,endometriosis,Disease
N72,uterine retroflexion on pelvic examination,Symptom
N73,dyspareunia,Symptom
N74,immune dysfunction,Cause
N75,uterine fibroid,Disease
N76,uterine hemorrhage,Symptom
N77,heavy menstruation,Symptom
N78,women aged 25–40.,Risk_Factor
N79,anemia,Disease
N80,decreased attentiveness,Symptom
N81,conjunctival pallor,Symptom
N82,dyspnea due to cardiovascular problems,Symptom
N83,palpitations and symptoms including dyspnea at rest.,Symptom
N84,dizziness,Symptom
N85,peripheral neuropathy,Symptom
N86,dyspnea,Symptom
N87,exercise intolerance,Symptom
N88,a sudden thudding sensation in the heart.,Symptom
N89,a sensation different from dizziness or vertigo.,Symptom
N90,peripheral coldness,Symptom
N91,thirst,Symptom
N92,behavioral changes,Symptom
N93,fatigue due to circulatory problems,Symptom
N94,skeletal problems,Symptom
N95,visual disturbance,Symptom
N96,fatigue,Symptom
N97,cognitive impairment,Symptom
N98,mood changes,Symptom
N99,mental confusion,Symptom
N100,gait dysfunction,Symptom
N101,history of gastric surgery.,Risk_Factor
N102,history of gastrectomy / menorrhagia,Risk_Factor
N103,gastric surgery,Risk_Factor
N104,renal failure,Cause
N105,fluid overload,Cause
N106,folate deficiency,Cause
N107,adenomyosis,Disease
N108,chronic pelvic pain syndrome,Symptom
N109,cesarean section,Risk_Factor
N110,women aged 40 and over.,Risk_Factor
N111,maternal age over 35,Cause
N112,cesarean section,Cause
N113,hyperestrogenism,Cause
N114,administration of hormone preparations,Disease
N115,uterine bleeding for 1–3 months after use of hormonal preparations.,Symptom
N116,miscarriage,Disease
N117,vaginal bleeding during pregnancy,Symptom
N118,antenatal examination,Symptom
N119,maternal age over 35,Risk_Factor
N120,diabetes,Risk_Factor
N121,substance abuse,Risk_Factor
N122,autoimmune disorders,Risk_Factor
N123,uterine malformation,Cause
N124,cervical cancer,Disease
N125,dysuria,Symptom
N126,leg pain,Symptom
N127,leg swelling,Symptom
N128,postcoital vaginal bleeding,Symptom
N129,hematuria,Symptom
N130,back pain,Symptom
N131,oral contraceptives,Risk_Factor
N132,immunocompromised state,Risk_Factor
N133,multiple sexual partners,Risk_Factor
N134,multiple pregnancies,Cause
N135,multiple sexual partners,Cause
N136,endometrial cancer,Disease
N137,postmenopausal vaginal bleeding,Symptom
N138,immunocompromised state,Symptom
N139,frequent urination,Symptom
N140,hyperestrogenism,Risk_Factor
N141,estrogen replacement therapy without progestin,Cause
N142,bacterial vaginosis,Disease
N143,vaginal discharge,Symptom
N144,gray vaginal discharge,Symptom
N145,fishy-smelling vaginal discharge.,Symptom
N146,vaginal discharge due to infection,Symptom
N147,frequent vaginal douching.,Risk_Factor
N148,antibiotic,Risk_Factor
N149,trichomonal vaginitis,Disease
N150,vaginal itching,Symptom
N151,foamy vaginal discharge.,Symptom
N152,purulent vaginal discharge,Symptom
N153,antibiotic,Symptom
N154,strawberry cervix,Symptom
N155,candidal vaginitis,Disease
N156,vaginal burning,Symptom
N157,cheesy vaginal discharge,Symptom
N158,history of diabetes mellitus,Risk_Factor
N159,antibiotic therapy,Risk_Factor
N160,intrapelvic infection,Disease
N161,cervical motion tenderness,Symptom
N162,lower abdominal tenderness,Symptom
N163,cervicitis,Disease
N164,cervical tenderness,Symptom
N165,green purulent vaginal discharge,Symptom
N166,yellow vaginal discharge,Symptom
N167,atrophic vaginitis,Disease
N168,urinary tract infections,Symptom
N169,bladder incontinence,Symptom
N170,thinning of vaginal mucosa,Symptom
N171,atrophic vaginal cervix,Symptom
N172,postmenopausal vaginal discharge,Symptom
N173,vaginal discharge due to inflammation.,Symptom
N174,lactation,Risk_Factor
N175,lactation,Cause
N176,estrogen deficiency,Cause
N177,hyperthyroidism,Disease
N178,dry eye,Symptom
N179,anxiety due to non-psychiatric problems.,Symptom
N180,skin thinning,Symptom
N181,weight loss due to an endocrine disorder.,Symptom
N182,dyspnea due to endocrine problems.,Symptom
N183,heat intolerance,Symptom
N184,tremor,Symptom
N185,chronic diarrhea,Symptom
N186,muscle pain,Symptom
N187,constant hunger,Symptom
N188,hypertension,Symptom
N189,hand tremor,Symptom
N190,diarrhea,Symptom
N191,decreased muscle strength,Symptom
N192,brittle hair,Symptom
N193,"persistent hand tremor, or accompanied by other symptoms.",Symptom
N194,anxiety,Symptom
N195,hypertension caused by endocrine disorders.,Cause
N196,hashimoto's thyroiditis,Cause
N197,fibrocystic change,Disease
N198,cyclic mastalgia,Symptom
N199,breast tenderness,Symptom
N200,breast lump,Symptom
N201,dense and firm breast tissue,Risk_Factor
N202,women in their 30s to 40s.,Risk_Factor
N203,breast lump caused by a benign tumor.,Cause
N204,breast cyst,Disease
N205,soft breast lump,Symptom
N206,changes in breast tissue size according to the menstrual cycle.,Symptom
N207,mobile breast tissue,Risk_Factor
N208,fibroadenoma,Disease
N209,no breast tenderness.,Symptom
N210,rubbery breast tissue,Symptom
N211,women under 30 years old.,Risk_Factor
N212,hormonal abnormalities,Risk_Factor
N213,young person (under 30 years old),Risk_Factor
N214,hormonal abnormalities,Cause
N215,oral contraceptives,Cause
N216,intraductal papilloma,Disease
N217,hormonal abnormalities,Symptom
N218,small nodules around the lower portion of the areola.,Symptom
N219,bloody nipple discharge,Symptom
N220,single lactiferous duct,Risk_Factor
N221,galactocele,Disease
N222,galactocele,Symptom
N223,round breast tissue with well-defined margins.,Symptom
N224,within 1 year after cessation of breastfeeding.,Risk_Factor
N225,breast abscess,Disease
N226,chills,Symptom
N227,breast inflammation,Symptom
N228,breast swelling,Symptom
N229,breast pain,Symptom
N230,breast abscess,Symptom
N231,extremely severe breast pain,Symptom
N232,warm sensation in the breast,Symptom
N233,milk stasis,Cause
N234,inappropriate infant latch,Cause
N235,contaminated breast implant,Cause
N236,salmonella infection,Cause
N237,mycobacterial infection,Cause
N238,diabetes,Cause
N239,blocked milk ducts,Cause
N240,e. coli infection,Cause
N241,acute mastitis,Disease
N242,infrequent feeds,Cause
N243,breast cancer,Disease
N244,postmenopausal breast pain.,Symptom
N245,postmenopausal breast lump,Symptom
N246,breast lump due to a malignant tumor.,Symptom
N247,pulling of the surrounding skin,Symptom
N248,physical inactivity,Risk_Factor
N249,alcohol use,Risk_Factor
N250,female,Risk_Factor
N251,older age,Risk_Factor
N252,cyclic mastalgia,Disease
N253,multiple cysts are also present.,Symptom
N254,physical inactivity,Symptom
N255,bilateral breast pain,Symptom
N256,breast pain occurring with the onset of menstruation.,Symptom
N257,allergic rhinitis,Disease
N258,noninfectious nasal discharge (clear nasal discharge),Symptom
N259,nasal discharge,Symptom
N260,nasal itching,Symptom
N261,otitis media with effusion,Symptom
N262,food allergy,Symptom
N263,atopic dermatitis,Risk_Factor
N264,family history of atopy/asthma,Risk_Factor
N265,viral infection,Cause
N266,genetic susceptibility,Cause
N267,psychological stress,Cause
N268,stable angina,Disease
N269,chest pain lasting 2 to 10 minutes.,Symptom
N270,chest pain,Symptom
N271,ischemic chest pain (squeezing pain),Symptom
N272,chest pain aggravated by cold wind and during exercise.,Symptom
N273,smoking,Risk_Factor
N274,hyperlipidemia,Cause
N275,ischemic heart disease,Cause
N276,oral contraceptive hormone replacement therapy,Disease
N277,after hormone therapy,Risk_Factor
N278,breast swelling,Risk_Factor
N279,mastitis,Disease
N280,after breastfeeding,Symptom
N281,"nipple area heat sensation, pain, and erythema.",Symptom
N282,immunocompromised state,Cause
N283,morning sickness,Disease
N284,contaminated breast implant,Symptom
N285,nausea,Symptom
N286,vomiting,Symptom
N287,alcohol use,Cause
N288,diet high in meat,Cause
N289,high sugar intake,Cause
N290,gestational hypertension,Disease
N291,hepatic insufficiency,Symptom
N292,kidney dysfunction,Symptom
N293,right upper quadrant pain,Symptom
N294,hypertension during pregnancy,Symptom
N295,check for accompanying symptoms such as changes in vision.,Symptom
N296,nutritional deficiency,Cause
N297,placental blood flow disorders,Cause
N298,eclampsia,Disease
N299,seizure,Symptom
N300,preeclampsia,Risk_Factor
N301,hypertension during pregnancy,Risk_Factor
N302,placental abruption,Disease
N303,preeclampsia,Symptom
N304,abdominal pain,Symptom
N305,severe vaginal bleeding during pregnancy.,Symptom
N306,placenta previa,Disease
N307,postpartum hemorrhage,Symptom
N308,decidual bleeding,Symptom
N309,gestational diabetes,Disease
N310,glucosuria during pregnancy,Symptom
N311,gestational diabetes history,Risk_Factor
N312,insufficient insulin secretion,Cause
N313,pregnancy at advanced maternal age,Disease
N314,premature rupture of membranes,Disease
N315,premature regular contractions,Symptom
N316,vaginal discharge during pregnancy,Symptom
N317,premature labor,Disease
N318,prematurity,Symptom
N319,celiac disease,Risk_Factor
N320,psychological stress,Risk_Factor
N321,abnormal body mass index,Risk_Factor
N322,bacterial infections,Cause
N323,abnormal body mass index,Cause
N324,substance abuse,Cause
N325,preeclampsia,Cause
N326,infections,Cause
N327,amniotic fluid disorders,Cause
N328,poor accommodation,Cause
N329,environmental exposures,Cause
N330,physical trauma,Cause
N331,thyroid disorders,Cause
N332,medication use,Cause
N333,decidual bleeding,Cause
N334,fertility difficulties,Cause
N335,fungal infection,Cause
N336,familial short stature,Disease
N337,normal growth rate,Symptom
N338,parents have short stature.,Risk_Factor
N339,constitutional growth delay,Disease
N340,delayed height growth in father / delayed menarche in mother,Risk_Factor
N341,normal growth rate,Risk_Factor
N342,skeletal dysplasia,Disease
N343,stunted growth,Symptom
N344,unexplained fractures and other skeletal abnormalities,Symptom
N345,growth hormone deficiency,Disease
N346,muscle atrophy,Symptom
N347,attention deficits,Symptom
N348,delayed motor development,Symptom
N349,abdominal obesity,Symptom
N350,underdeveloped maxilla,Symptom
N351,head trauma,Risk_Factor
N352,infections,Risk_Factor
N353,pediatric malignancy,Risk_Factor
N354,history of brain injury,Risk_Factor
N355,genetic susceptibility,Risk_Factor
N356,chronic kidney disease,Cause
N357,head trauma,Cause
N358,hypoglycemic potency,Cause
N359,psychosocial short stature,Disease
N360,stunted growth,Risk_Factor
N361,an excessively stressful growth environment,Risk_Factor
N362,chromosomal abnormality (turner syndrome),Disease
N363,normal growth during the first three years of life; decreased growth velocity.,Symptom
N364,congenital metabolic disorder,Disease
N365,abnormal finding in newborn metabolic screening.,Symptom
N366,"ear, urination, and back symptoms.",Symptom
N367,intrauterine growth restriction,Disease
N368,icu admission history,Risk_Factor
N369,infectivity during pregnancy,Risk_Factor
N370,history of dystocia,Risk_Factor
N371,down syndrome,Disease
N372,obesity,Symptom
N373,hypertelorism,Symptom
N374,visual blurring,Symptom
N375,flat nasal bridge,Symptom
N376,fecal incontinence,Symptom
N377,moon face,Symptom
N378,poor accommodation,Symptom
N379,cognitive decline,Symptom
N380,developmental language delay,Symptom
N381,age over 45,Cause
N382,unstable angina,Disease
N383,chest pain worse than before.,Symptom
N384,chest pain at rest,Symptom
N385,pain during exercise,Symptom
N386,hearing impairment,Disease
N387,unable to turn toward loud sounds.,Symptom
N388,abnormal finding in neonatal hearing test,Symptom
N389,natural aging process,Cause
N390,toxic substances,Cause
N391,articulation disorder,Disease
N392,toxic substances,Symptom
N393,"able to speak, but pronunciation is not accurate.",Symptom
N394,toxic substances,Risk_Factor
N395,developmental language delay,Risk_Factor
N396,constitutional delay,Disease
N397,only the speech is slow; the rest are normal findings.,Symptom
N398,parental delayed puberty,Risk_Factor
N399,autistic disorder,Disease
N400,language impairment,Symptom
N401,social interaction impairment,Symptom
N402,abnormal repetitive behavior,Symptom
N403,stereotyped behavior,Symptom
N404,cerebral palsy,Disease
N405,gastroesophageal reflux,Symptom
N406,joint contracture,Symptom
N407,abnormal posturing,Symptom
N408,vision impairment,Symptom
N409,spastic bilateral motor paralysis or hemiplegic type.,Symptom
N410,feeding difficulties,Symptom
N411,balance problems,Symptom
N412,sleep disorder,Symptom
N413,sensory loss,Symptom
N414,impaired manual dexterity,Symptom
N415,decreased motor performance,Symptom
N416,diminished grip strength,Symptom
N417,skeletal joint abnormalities,Symptom
N418,prematurity,Risk_Factor
N419,multiple pregnancies,Risk_Factor
N420,toxic exposure,Cause
N421,hypoxic-ischemic encephalopathy,Cause
N422,brain tumor,Cause
N423,neonatal asphyxia,Cause
N424,spinal muscular atrophy,Disease
N425,symmetrical muscle weakness,Symptom
N426,frog-leg position,Symptom
N427,respiratory distress,Symptom
N428,parasitic infection,Disease
N429,weight loss due to gastrointestinal problems.,Symptom
N430,undercooked food,Risk_Factor
N431,overseas travel history,Risk_Factor
N432,acute myocardial infarction,Disease
N433,chest pain lasting more than 30 minutes.,Symptom
N434,loss of consciousness,Symptom
N435,syncope in suspected cardiovascular disease cases.,Symptom
N436,syncope,Symptom
N437,very severe chest pain,Symptom
N438,hyperlipidemia,Risk_Factor
N439,cancer,Disease
N440,persistent cough,Symptom
N441,bowel changes,Symptom
N442,fatigue due to malignant tumor,Symptom
N443,organ-specific symptoms of involvement,Symptom
N444,weight loss due to malignant tumor.,Symptom
N445,system-specific symptoms,Symptom
N446,poor dietary habits,Risk_Factor
N447,genetics,Risk_Factor
N448,primary weight gain,Disease
N449,there are no other symptoms besides weight gain.,Symptom
N450,weight gain,Symptom
N451,abdominal obesity,Risk_Factor
N452,drug-induced weight gain,Disease
N453,beta blockers,Risk_Factor
N454,female hormone,Risk_Factor
N455,steroid,Cause
N456,physical inactivity,Cause
N457,cirrhosis of the liver,Disease
N458,clubbing,Symptom
N459,spider angiomata,Symptom
N460,medusa's head,Symptom
N461,fetor hepaticus,Symptom
N462,jaundice,Symptom
N463,ascites,Symptom
N464,tea-colored urine,Symptom
N465,easy bruising due to decreased coagulation factors.,Symptom
N466,easy bruising,Symptom
N467,weight gain due to heart and kidney problems (fluid retention).,Symptom
N468,beta blockers,Symptom
N469,previously diagnosed with hepatitis.,Risk_Factor
N470,ischemic heart disease,Risk_Factor
N471,wilson disease,Cause
N472,hepatitis b infection,Cause
N473,hepatitis c infection,Cause
N474,heavy drinking,Cause
N475,typhoid fever,Disease
N476,abdominal skin rash,Symptom
N477,fever due to infection,Symptom
N478,ischemic heart disease,Symptom
N479,skin rash,Symptom
N480,perspiration,Symptom
N481,residence in or travel to high-risk areas.,Risk_Factor
N482,vibrio septicemia,Disease
N483,residence in or travel to high-risk areas.,Symptom
N484,vesicular rash on the leg,Symptom
N485,seafood intake capacity,Risk_Factor
N486,influenza,Disease
N487,dry cough,Symptom
N488,generalized weakness,Symptom
N489,cellulitis,Disease
N490,abscess formation,Symptom
N491,cutaneous erythema,Symptom
N492,alcoholism,Cause
N493,atopic dermatitis,Cause
N494,streptococcus pyogenes infection,Cause
N495,scrub typhus,Disease
N496,gastrointestinal disturbances,Symptom
N497,hemorrhage,Symptom
N498,axillary crust,Symptom
N499,older age,Symptom
N500,malaria,Disease
N501,acute renal insufficiency,Symptom
N502,tertian fever (fever recurs every 48 hours) / quartan fever (fever recurs every 72 hours (4 days)),Symptom
N503,variant angina,Disease
N504,chest pain occurring at midnight or in the morning.,Symptom
N505,onset the day after alcohol consumption.,Risk_Factor
N506,chest pain at rest,Risk_Factor
N507,drug-induced fever,Disease
N508,no significant past medical history other than medication use.,Risk_Factor
N509,lymphoma,Disease
N510,lymphadenopathy,Symptom
N511,night sweats,Symptom
N512,leukemia,Disease
N513,easy bruising due to abnormalities in blood constituents,Symptom
N514,oral ulcers,Symptom
N515,infections,Symptom
N516,anorexia,Symptom
N517,petechial rash,Symptom
N518,dna mutations,Cause
N519,transient fatigue,Disease
N520,temporary fatigue,Symptom
N521,fatigue relief through rest.,Symptom
N522,chronic fatigue syndrome,Disease
N523,non-restorative sleep,Symptom
N524,stiffness,Symptom
N525,post-exercise fatigue,Symptom
N526,food sensitivity,Symptom
N527,information processing impairment,Symptom
N528,generalized myalgia,Symptom
N529,speech difficulty,Symptom
N530,fatigue with no organic cause.,Symptom
N531,viral infection,Risk_Factor
N532,gastroesophageal reflux,Cause
N533,pancreatic carcinoma,Cause
N534,chronic obstructive pulmonary disease,Cause
N535,medication adverse effects,Cause
N536,sleep apnea,Cause
N537,hepatic insufficiency,Cause
N538,autoimmune adrenalitis,Cause
N539,energy metabolism abnormalities,Cause
N540,addison's disease,Disease
N541,perioral skin discoloration,Symptom
N542,fatigue due to an endocrine problem.,Symptom
N543,recurrent infections,Symptom
N544,histoplasmosis,Cause
N545,adrenal dysgenesis,Cause
N546,coccidioides infection,Cause
N547,idiopathic thrombocytopenic purpura (itp),Disease
N548,tuberculosis,Symptom
N549,neurological symptoms,Symptom
N550,mild bleeding situation,Symptom
N551,gingival bleeding,Symptom
N552,normal-appearing skin hemorrhagic patch,Symptom
N553,idiopathic causes,Risk_Factor
N554,prior upper respiratory tract infection,Risk_Factor
N555,idiopathic causes,Cause
N556,drug-induced thrombocytopenia,Disease
N557,idiopathic causes,Symptom
N558,heparin,Cause
N559,warfarin,Cause
N560,aplastic anemia,Disease
N561,heart murmur,Symptom
N562,prolonged bleeding,Symptom
N563,autoimmune disorders,Cause
N564,disseminated intravascular coagulation (dic),Disease
N565,past cancer history,Risk_Factor
N566,systemic inflammation,Cause
N567,hemophilia,Disease
N568,spontaneous hemorrhage of joints and deep tissues.,Symptom
N569,male gender,Risk_Factor
N570,family history of easy bruising.,Risk_Factor
N571,de novo mutation,Cause
N572,pericarditis,Disease
N573,chest pain relieved by bending forward.,Symptom
N574,somatic chest pain (lung side),Symptom
N575,friction rub during cardiac auscultation,Symptom
N576,jugular venous distension,Symptom
N577,mental status changes,Symptom
N578,pleuritic chest pain,Symptom
N579,tuberculosis,Risk_Factor
N580,history of the common cold,Risk_Factor
N581,mumps,Cause
N582,medication-induced,Cause
N583,radiotherapy,Cause
N584,henoch-schönlein purpura (hsp),Disease
N585,easy bruising due to vascular problems.,Symptom
N586,calf ecchymosis,Symptom
N587,arthralgia,Symptom
N588,connective tissue disease (ehlers-danlos),Disease
N589,chronic joint pain,Symptom
N590,skin hyperelasticity,Symptom
N591,aortic dissection,Disease
N592,difference in blood pressure between the upper and lower limbs.,Symptom
N593,severe tearing chest pain,Symptom
N594,impaired consciousness,Symptom
N595,severe dyspnea,Symptom
N596,reflux esophagitis,Disease
N597,regurgitation/heartburn worsens when lying down.,Symptom
N598,dysphonia,Symptom
N599,epigastric burning,Symptom
N600,exacerbation of postprandial heartburn.,Symptom
N601,small amount of bleeding during hematemesis.,Symptom
N602,the sensation of acid reflux,Symptom
N603,chest pressure,Symptom
N604,frequent heartburn,Symptom
N605,musculoskeletal chest pain,Symptom
N606,hematemesis,Symptom
N607,water brash,Symptom
N608,medication use,Risk_Factor
N609,gallstones,Cause
N610,peptic ulcer,Disease
N611,nocturnal pain,Symptom
N612,nsaids,Cause
N613,antimineralocorticoids combined with nsaids,Cause
N614,crohn disease,Cause
N615,gastric ischemia,Cause
N616,anticoagulants with nsaids,Cause
N617,corticosteroids combined with nsaids,Cause
N618,ssris combined with nsaids,Cause
N619,costochondritis,Disease
N620,localized tenderness in the rib region.,Symptom
N621,physical exertion,Risk_Factor
N622,severe coughing,Risk_Factor
N623,generally healthy,Risk_Factor
N624,physiological tachycardia,Disease
N625,post-exercise,Symptom
N626,excessive coffee consumption,Risk_Factor
N627,hypoglycemia,Disease
N628,psychological stress,Symptom
N629,syncope in the absence of suspected cardiovascular disease.,Symptom
N630,paresthesia,Symptom
N631,skipping meals,Risk_Factor
N632,insulin administration,Cause
N633,inadequate caloric intake,Cause
N634,physical exertion,Cause
N635,atrial fibrillation,Disease
N636,pulmonary crackles,Symptom
N637,irregular pulse during palpitations.,Symptom
N638,valvular heart disease,Risk_Factor
N639,chronic obstructive pulmonary disease,Risk_Factor
N640,hypertension,Risk_Factor
N641,sleep apnea,Risk_Factor
N642,hypertension,Cause
N643,atrial flutter,Disease
N644,paroxysmal ventricular tachycardia,Disease
N645,palpitations occurred previously.,Symptom
N646,palpitations with a regular pulse.,Symptom
N647,sudden onset and cessation,Symptom
N648,cardiac malformations,Cause
N649,hypomagnesemia,Cause
N650,valvular heart disease,Cause
N651,vasomotor rhinitis,Disease
N652,runny nose when eating hot foods.,Symptom
N653,when it does not appear to be an allergic cause.,Risk_Factor
N654,premature ventricular contraction,Disease
N655,"regular, occasionally irregular heartbeat.",Symptom
N656,"valvular heart disease (ar, mr, etc.)",Disease
N657,cardiovascular risk factors,Risk_Factor
N658,a sudden thudding sensation in the heart.,Risk_Factor
N659,chromophilic cell tumor,Disease
N660,cold sweat,Symptom
N661,facial flushing,Symptom
N662,a sudden thudding sensation in the heart.,Cause
N663,postmenopausal syndrome,Disease
N664,facial burning sensation,Symptom
N665,sensitivity,Symptom
N666,menopause,Cause
N667,vasovagal syncope,Disease
N668,syncope after blood draw,Symptom
N669,taut muscle bands,Symptom
N670,fainting in hot or crowded environments.,Risk_Factor
N671,coughing,Cause
N672,psychological distress,Cause
N673,carried a heavy load.,Cause
N674,orthostatic hypotension,Disease
N675,temporary dizziness,Symptom
N676,fluctuating cognition,Symptom
N677,difficulty maintaining concentration,Symptom
N678,orthostatic dizziness,Symptom
N679,a thin person,Risk_Factor
N680,taking antihypertensive medication.,Risk_Factor
N681,weight loss surgery,Cause
N682,diuretic,Cause
N683,hemorrhage,Cause
N684,eating disorders,Cause
N685,neurodegenerative disorders,Cause
N686,older age,Cause
N687,drug-induced rhinitis,Disease
N688,"drugs (ace inhibitors, nsaids, topical vasoconstrictors)",Cause
N689,hypovolemic shock,Disease
N690,melena,Symptom
N691,hematochezia,Symptom
N692,decreased urinary output,Symptom
N693,poor skin turgor,Symptom
N694,postpartum hemorrhage,Cause
N695,diarrhea,Cause
N696,arrhythmia,Disease
N697,palpitations followed by syncope,Symptom
N698,cardiac electrical conduction abnormalities,Cause
N699,hypertrophic cardiomyopathy,Disease
N700,dyspnea on exertion,Symptom
N701,cardiac electrical conduction abnormalities,Symptom
N702,family history of sudden death,Risk_Factor
N703,subarachnoid hemorrhage,Disease
N704,thunderclap headache,Symptom
N705,loss of pupillary light reflex,Symptom
N706,signs of meningeal irritation,Symptom
N707,cardiac arrhythmia,Symptom
N708,disorder of consciousness,Symptom
N709,extremely severe headache,Symptom
N710,secondary headache,Symptom
N711,vomiting due to nervous system problems.,Symptom
N712,syncope in suspected cardiovascular disease cases.,Risk_Factor
N713,sickle-cell disease,Cause
N714,head trauma (sah),Cause
N715,congenital cerebral vascular abnormalities,Cause
N716,anticoagulant therapy,Cause
N717,easy bruising due to decreased coagulation factors.,Cause
N718,transient ischemic attack,Disease
N719,hemiplegia,Symptom
N720,facial paralysis,Symptom
N721,homonymous hemianopsia,Symptom
N722,alcohol use,Symptom
N723,numbness,Symptom
N724,facial droop,Symptom
N725,epilepsy,Disease
N726,tonic rigidity,Symptom
N727,convulsive syncope.,Symptom
N728,unilateral limb twitching,Symptom
N729,myoclonic jerks,Symptom
N730,falls,Symptom
N731,"seizure symptoms (limb rigidity, eye deviation, etc.)",Symptom
N732,mouth deviation,Symptom
N733,facial muscle twitching,Symptom
N734,clonic movements,Symptom
N735,postictal fatigue,Symptom
N736,abnormal sensation,Symptom
N737,physical trauma,Symptom
N738,limb tremor,Symptom
N739,"automatism (staring blankly, appetite, hand-stroking)",Symptom
N740,epilepsy,Symptom
N741,ocular deviation,Symptom
N742,brain tumor,Risk_Factor
N743,traumatic brain injury,Risk_Factor
N744,brain disease,Cause
N745,csf rhinorrhea,Disease
N746,brain tumor,Symptom
N747,nasal discharge due to trauma or neoplasm (unilateral nasal discharge),Symptom
N748,abnormal neurological findings,Symptom
N749,head trauma force,Cause
N750,noninfectious nasal discharge (clear nasal discharge),Cause
N751,essential hypertension,Disease
N752,chronic kidney disease,Symptom
N753,cerebral infarction,Symptom
N754,hypertension without apparent endocrine or renal disorders.,Risk_Factor
N755,natural aging process,Risk_Factor
N756,obesity,Risk_Factor
N757,no endocrine problems,Risk_Factor
N758,kidney abnormalities,Cause
N759,adrenal dysfunction,Cause
N760,obesity,Cause
N761,white coat hypertension,Disease
N762,white coat hypertension,Symptom
N763,drug-induced hypertension,Disease
N764,hypertension without apparent endocrine or renal disorders.,Symptom
N765,blood pressure-raising agents (such as caffeine),Risk_Factor
N766,chronic renal failure,Disease
N767,polyuria,Symptom
N768,impotence,Symptom
N769,foamy urine,Symptom
N770,oliguria,Symptom
N771,renal osteodystrophy,Symptom
N772,osmotic diuresis,Cause
N773,benign prostatic hyperplasia,Cause
N774,hypertension due to kidney problems.,Cause
N775,renal artery stenosis,Disease
N776,hypertension due to kidney problems.,Symptom
N777,genetic susceptibility,Symptom
N778,inter-arm blood pressure difference,Symptom
N779,renal artery bruit,Symptom
N780,hypertension due to menopause,Disease
N781,increased emotional sensitivity,Symptom
N782,primary aldosteronism,Disease
N783,hypokalemia,Symptom
N784,young age,Risk_Factor
N785,cushing's syndrome,Disease
N786,purple linear lesions,Symptom
N787,dyslipidemia,Symptom
N788,impaired wound healing,Symptom
N789,secondary dyslipidemia,Symptom
N790,facial fullness,Symptom
N791,fungal infection,Symptom
N792,skin tag,Symptom
N793,corticosteroids,Cause
N794,weight gain due to endocrine problems.,Cause
N795,taking steroids,Cause
N796,gastritis,Disease
N797,mid-epigastric pain,Symptom
N798,upper abdominal pain,Symptom
N799,indigestion due to gastrointestinal problems.,Symptom
N800,postprandial epigastric pain,Symptom
N801,epigastric pain,Symptom
N802,heartburn and melena,Symptom
N803,abdominal pain that worsens after eating.,Symptom
N804,dyspepsia,Symptom
N805,chronic heartburn,Symptom
N806,vomiting due to gastrointestinal problems.,Symptom
N807,burning pain,Symptom
N808,parasitic infection,Cause
N809,gastric ulcer,Disease
N810,alcohol consumption with h. pylori infection,Cause
N811,duodenal ulcer,Disease
N812,gastritis-like symptoms,Symptom
N813,upper abdominal pain on an empty stomach.,Symptom
N814,acute pancreatitis,Disease
N815,abdominal pain after binge drinking,Symptom
N816,epigastric pain relieved by forward bending.,Symptom
N817,heavy drinking,Risk_Factor
N818,past history of gallstones,Risk_Factor
N819,chronic pancreatitis,Disease
N820,dyspepsia due to hepatobiliary and pancreatic problems,Symptom
N821,jaundice due to biliary and pancreatic problems.,Symptom
N822,steatorrhea,Symptom
N823,abdominal pain relieved by bending forward.,Symptom
N824,malodorous stool,Symptom
N825,presenilin 1 gene mutation,Cause
N826,nasal trauma,Disease
N827,nasal trauma,Cause
N828,foreign body enters the nose.,Cause
N829,acute cholecystitis,Disease
N830,intermittent right upper quadrant pain,Symptom
N831,murphy's sign(+),Symptom
N832,gallstones,Disease
N833,acute hepatitis,Disease
N834,clay-colored stools,Symptom
N835,renal failure,Symptom
N836,hepatic steatosis,Risk_Factor
N837,travel history,Risk_Factor
N838,hepatic steatosis,Cause
N839,foreign body,Disease
N840,poor dietary habits,Symptom
N841,nasal trauma,Risk_Factor
N842,poor dietary habits,Cause
N843,ruptured abdominal aortic aneurysm,Disease
N844,severe tearing pain in the upper abdomen.,Symptom
N845,emergency condition with unstable vital signs,Symptom
N846,pulsatile abdominal mass,Symptom
N847,ulcer perforation,Disease
N848,generalized abdominal tenderness / rebound tenderness,Symptom
N849,past history of gastric ulcer,Risk_Factor
N850,acute appendicitis,Disease
N851,right lower quadrant pain,Symptom
N852,rovsing's/obturator/psoas sign,Symptom
N853,inadequate caloric intake,Symptom
N854,right lower quadrant pain (may have originated in the epigastric region and migrated),Symptom
N855,low fiber intake,Cause
N856,acute diverticulitis,Disease
N857,abdominal tenderness,Symptom
N858,ectopic pregnancy,Disease
N859,lower abdominal pain with flank pain,Symptom
N860,changes in the menstrual cycle,Symptom
N861,fertility difficulties,Risk_Factor
N862,young woman,Risk_Factor
N863,fertility,Risk_Factor
N864,acute pyelonephritis,Disease
N865,nocturia,Symptom
N866,red urine,Symptom
N867,micturition abnormality,Symptom
N868,flank pain,Symptom
N869,positive costovertebral angle tenderness.,Symptom
N870,red urine due to kidney problems,Symptom
N871,abnormal urination due to renal disease.,Symptom
N872,urinary tract malformation,Risk_Factor
N873,urinary tract malformation,Cause
N874,klebsiella,Cause
N875,ureteral stone,Disease
N876,red urine caused by other urinary problems.,Symptom
N877,intermittent flank pain,Symptom
N878,male gender,Cause
N879,ovarian torsion,Disease
N880,excruciating pain,Symptom
N881,diet high in meat,Symptom
N882,pelvic inflammatory disease (pid),Disease
N883,chlamydia trachomatis infection,Risk_Factor
N884,obstetrics and gynecology surgical history,Risk_Factor
N885,chlamydia trachomatis infection,Cause
N886,paranasal sinus tumor,Disease
N887,chlamydia trachomatis infection,Symptom
N888,bloody nasal discharge,Symptom
N889,radiographic examination,Risk_Factor
N890,nasal cigarette,Risk_Factor
N891,crohn's disease,Disease
N892,bloody diarrhea,Symptom
N893,frequent diarrhea,Symptom
N894,recurrent hematochezia,Symptom
N895,small bowel obstruction,Disease
N896,rectal mass,Symptom
N897,periumbilical pain,Symptom
N898,bowel ischemia,Symptom
N899,hyperactive bowel sounds,Symptom
N900,electrolyte abnormalities,Symptom
N901,history of prior abdominal surgery.,Risk_Factor
N902,urinary retention,Cause
N903,bowel ischemia,Cause
N904,food poisoning,Disease
N905,postprandial diarrhea,Symptom
N906,infectious diarrhea,Symptom
N907,symptoms of dehydration,Symptom
N908,ability to ingest food,Risk_Factor
N909,pyloric stenosis,Disease
N910,vomiting and attempting to eat.,Symptom
N911,projectile vomiting,Symptom
N912,non-bilious vomiting,Symptom
N913,children and adolescents,Risk_Factor
N914,2 to 3 weeks old,Risk_Factor
N915,intussusception,Disease
N916,abdominal pain and abdominal mass,Symptom
N917,cesarean section,Symptom
N918,strawberry jam-like stool,Symptom
N919,3–12 months of age,Risk_Factor
N920,meningitis,Disease
N921,limb weakness,Symptom
N922,referred pain associated with neck pain,Symptom
N923,severe headache,Symptom
N924,convulsion,Symptom
N925,neck pain,Symptom
N926,fever after cold symptoms,Symptom
N927,adolescents to adults,Risk_Factor
N928,history of cold symptoms,Risk_Factor
N929,cerebral hemorrhage,Disease
N930,hearing problems,Symptom
N931,cranial nerve palsies,Symptom
N932,anticoagulant therapy,Risk_Factor
N933,traumatic brain injury,Cause
N934,benign positional vertigo (bppv),Disease
N935,vertigo,Symptom
N936,positive dix-hallpike test,Symptom
N937,anticoagulant therapy,Symptom
N938,bulimia nervosa,Disease
N939,evidence of self-induced vomiting.,Symptom
N940,obsessive dieting,Risk_Factor
N941,pregnancy,Disease
N942,amenorrhea due to a gynecological problem.,Symptom
N943,diabetic gastroparesis,Disease
N944,nutritional deficiency,Symptom
N945,uncontrolled diabetes mellitus,Symptom
N946,decreased quality of life,Symptom
N947,systemic sclerosis,Risk_Factor
N948,uncontrolled diabetes mellitus,Risk_Factor
N949,autoimmune response,Cause
N950,systemic sclerosis,Cause
N951,mitochondrial diseases,Cause
N952,parkinsons disease,Cause
N953,early-onset diabetes mellitus,Cause
N954,peripheral neuropathy,Cause
N955,eating behavior changes,Cause
N956,gastric cancer,Disease
N957,chronic hepatitis,Disease
N958,fatigue due to digestive system problems,Symptom
N959,urine color change,Symptom
N960,not immunized against infection.,Risk_Factor
N961,hepatitis vaccine not given,Risk_Factor
N962,drug-induced hepatitis,Cause
N963,irritable bowel syndrome,Disease
N964,exacerbation of diarrhea under stress.,Symptom
N965,constipation accompanied by diarrhea.,Symptom
N966,constipation aggravated by stress.,Symptom
N967,urinary retention,Symptom
N968,fecal urgency,Symptom
N969,mild abdominal pain relieved after defecation.,Symptom
N970,no other symptoms accompany constipation.,Symptom
N971,dyspepsia aggravated by stress,Symptom
N972,psychological disorders,Risk_Factor
N973,autonomic nervous system dysfunction,Cause
N974,altered gut microbiota composition,Cause
N975,antibiotic therapy,Cause
N976,food allergy,Cause
N977,lactose intolerance,Disease
N978,discomfort when drinking milk,Symptom
N979,lactose intolerance,Cause
N980,mallory-weiss syndrome,Disease
N981,hematemesis during vomiting after alcohol consumption.,Symptom
N982,liver cirrhosis,Cause
N983,severe coughing,Cause
N984,esophageal variceal rupture,Disease
N985,massive hemorrhage and liver disease during hematemesis,Symptom
N986,spider angiomata,Risk_Factor
N987,ascites,Risk_Factor
N988,past medical history of liver disease,Risk_Factor
N989,pneumonia,Disease
N990,frequent cough,Symptom
N991,massive hemoptysis with fever,Symptom
N992,hemoptysis,Symptom
N993,sickle-cell disease,Risk_Factor
N994,juvenile polyp,Disease
N995,painless bright red hematochezia,Symptom
N996,children aged 7 to 10 years,Risk_Factor
N997,meckel's diverticulum,Disease
N998,painless massive hematochezia,Symptom
N999,pediatrics and adolescent medicine,Risk_Factor
N1000,hemorrhoids,Disease
N1001,small amount of blood in stool (blood on toilet paper).,Symptom
N1002,anal pain,Symptom
N1003,anal laceration during digital rectal examination.,Symptom
N1004,mucous discharge,Symptom
N1005,constipation,Risk_Factor
N1006,persistent cough,Cause
N1007,childbirth,Cause
N1008,constipation,Cause
N1009,skin tag,Cause
N1010,anal fissure,Disease
N1011,anal laceration during digital rectal examination.,Cause
N1012,colon cancer,Disease
N1013,other symptoms accompanying constipation.,Symptom
N1014,bloody stool,Symptom
N1015,change in stool caliber,Symptom
N1016,massive hematochezia,Symptom
N1017,rectal cancer,Disease
N1018,hereditary non-polyposis colorectal cancer,Cause
N1019,diverticulitis,Disease
N1020,postinfectious cough,Disease
N1021,subacute cough,Symptom
N1022,coughing,Risk_Factor
N1023,ischemic colitis,Disease
N1024,vasoconstriction,Cause
N1025,infectious colitis,Disease
N1026,spoiled food,Cause
N1027,inflammatory bowel disease (ibd),Disease
N1028,acute gastroenteritis,Disease
N1029,drug-induced diarrhea,Disease
N1030,antacid,Risk_Factor
N1031,antimicrobial agent,Cause
N1032,osmotic laxative,Cause
N1033,short bowel syndrome,Disease
N1034,crohn disease,Risk_Factor
N1035,intestinal resection,Cause
N1036,functional constipation,Disease
N1037,recurrent chronic constipation,Symptom
N1038,low-fluid diet,Risk_Factor
N1039,drug-induced constipation,Disease
N1040,iron supplementation,Risk_Factor
N1041,anticholinergic medication use,Risk_Factor
N1042,hypothyroidism,Disease
N1043,mottled skin,Symptom
N1044,short limbs and neck,Symptom
N1045,mood changes due to non-psychiatric problems.,Symptom
N1046,decreased motivation,Symptom
N1047,weight gain due to endocrine problems.,Symptom
N1048,decreased appetite and weight gain,Symptom
N1049,cold intolerance,Symptom
N1050,uterine hemorrhage,Risk_Factor
N1051,secondary dyslipidemia,Risk_Factor
N1052,postnasal drip syndrome,Disease
N1053,cobblestone-shaped appearance on intraoral examination.,Symptom
N1054,globus sensation,Symptom
N1055,constipation due to a neurological abnormality.,Disease
N1056,bowel and bladder dysfunction,Symptom
N1057,spinal trauma,Risk_Factor
N1058,nasal congestion,Risk_Factor
N1059,nasal congestion,Cause
N1060,abnormal neurological findings,Cause
N1061,acute viral hepatitis,Disease
N1062,jaundice due to liver problems,Symptom
N1063,ability to ingest food,Symptom
N1064,"sexual contact / contact with body fluids (e.g., through nail art)",Risk_Factor
N1065,"toxic hepatitis (drugs, toxins)",Disease
N1066,health supplement,Risk_Factor
N1067,polypharmacy,Risk_Factor
N1068,gilbert's syndrome,Disease
N1069,exacerbation of jaundice during fasting.,Symptom
N1070,family history of jaundice,Risk_Factor
N1071,young person,Risk_Factor
N1072,liver cirrhosis,Disease
N1073,liver cancer,Disease
N1074,hepatitis b infection,Risk_Factor
N1075,wilson's disease,Disease
N1076,liver cirrhosis,Symptom
N1077,psychological distress,Symptom
N1078,gallstones,Symptom
N1079,pediatric jaundice,Symptom
N1080,kayser-fleischer ring,Symptom
N1081,cholangiocarcinoma,Disease
N1082,non-tender gallbladder palpation,Symptom
N1083,consumption of freshwater fish sashimi,Risk_Factor
N1084,pancreatic head cancer,Disease
N1085,von hippel-lindau syndrome,Cause
N1086,cholangitis,Disease
N1087,hemolytic disease,Disease
N1088,splenomegaly,Symptom
N1089,history of anemia,Risk_Factor
N1090,infectious mononucleosis,Disease
N1091,hepatomegaly,Symptom
N1092,drug-induced depression,Disease
N1093,alcohol,Risk_Factor
N1094,steroid,Risk_Factor
N1095,mood changes,Risk_Factor
N1096,mood changes due to non-psychiatric problems.,Risk_Factor
N1097,mood changes,Cause
N1098,antipsychotic drug,Cause
N1099,stroke,Disease
N1100,worsening hand tremor during activities such as drawing circles or writing.,Symptom
N1101,focal neurological abnormality.,Symptom
N1102,abnormal findings in cerebellar examination,Symptom
N1103,positive romberg test,Symptom
N1104,end-stage renal failure,Risk_Factor
N1105,cerebral infarction,Cause
N1106,angina,Disease
N1107,chest pain (worsened with exertion),Symptom
N1108,anxiety due to non-psychiatric problems.,Risk_Factor
N1109,primary insomnia,Disease
N1110,difficulty maintaining sleep,Symptom
N1111,trouble falling asleep,Symptom
N1112,daytime sleepiness,Symptom
N1113,insomnia lasting more than one month.,Symptom
N1114,psychological arousal,Symptom
N1115,impulsiveness,Symptom
N1116,no other notable symptoms besides sleep disturbance.,Symptom
N1117,adhd,Cause
N1118,dyspnea,Cause
N1119,asthma,Disease
N1120,evening symptom exacerbation,Symptom
N1121,increased sputum volume,Symptom
N1122,exacerbation of dyspnea in spring and at night.,Symptom
N1123,wheezing,Symptom
N1124,cough that worsens in spring and at night.,Symptom
N1125,atopy/allergy,Risk_Factor
N1126,circadian rhythm sleep disorder,Disease
N1127,rotating shift work (sleeping during the day and at night),Risk_Factor
N1128,depression-induced insomnia,Disease
N1129,inadequate caloric intake,Risk_Factor
N1130,guilt,Risk_Factor
N1131,depression,Cause
N1132,menopause-related sleep disorder,Disease
N1133,sensitization,Risk_Factor
N1134,sleep apnea,Disease
N1135,other symptoms in addition to sleep disorders.,Symptom
N1136,snoring,Symptom
N1137,sleep apnea,Symptom
N1138,restless legs syndrome,Disease
N1139,walking improves sleep disorders.,Symptom
N1140,sleep disturbance,Symptom
N1141,limb jerking,Symptom
N1142,urge to move legs,Symptom
N1143,leg itching before bed.,Symptom
N1144,fatigue improves with walking.,Symptom
N1145,parkinsons disease,Risk_Factor
N1146,the elderly,Risk_Factor
N1147,renal failure,Risk_Factor
N1148,dopaminergic dysfunction,Cause
N1149,end-stage renal failure,Cause
N1150,periodic limb movement disorder,Disease
N1151,leg twitching during sleep,Symptom
N1152,rem sleep behavior disorder,Disease
N1153,bed partner injury,Risk_Factor
N1154,hypoglycemic coma,Disease
N1155,starvation,Risk_Factor
N1156,insulin therapy for diabetes,Risk_Factor
N1157,excessive exercise,Risk_Factor
N1158,diabetic ketoacidosis,Disease
N1159,fruity breath odor,Symptom
N1160,early-onset diabetes mellitus,Risk_Factor
N1161,corticosteroids,Risk_Factor
N1162,urinary tract infections,Cause
N1163,influenza,Cause
N1164,discontinuation of insulin use,Cause
N1165,hepatic encephalopathy,Disease
N1166,asterixis,Symptom
N1167,medication adverse effects,Risk_Factor
N1168,electrolyte abnormalities,Risk_Factor
N1169,high protein intake,Cause
N1170,alcohol-induced coma,Disease
N1171,detection of drug/alcohol-related disease.,Risk_Factor
N1172,korsakoff syndrome,Disease
N1173,abnormal eye movement,Symptom
N1174,ataxia,Symptom
N1175,impaired executive functions,Symptom
N1176,alcoholism,Risk_Factor
N1177,hypoplasia,Cause
N1178,pulmonary tuberculosis,Disease
N1179,difficulty urinating,Symptom
N1180,extreme fatigue,Symptom
N1181,alcoholism,Symptom
N1182,fatigue due to respiratory problems.,Symptom
N1183,weight loss due to respiratory problems.,Symptom
N1184,massive hemoptysis with no fever.,Symptom
N1185,drug intoxication,Disease
N1186,miosis,Symptom
N1187,respiratory depression,Symptom
N1188,the medicine bottle was verified upon discovery.,Risk_Factor
N1189,benign paroxysmal positional vertigo (bppv),Disease
N1190,dix-hallpike nystagmus,Symptom
N1191,dizziness when changing from sitting to lying down.,Symptom
N1192,dizziness lasting about 30 seconds,Symptom
N1193,dizziness when turning over in bed.,Symptom
N1194,vestibular neuritis,Disease
N1195,dizziness lasting from several hours to a day.,Symptom
N1196,hearing loss,Symptom
N1197,no tinnitus.,Symptom
N1198,recent upper respiratory tract infection,Risk_Factor
N1199,ménière's disease,Disease
N1200,viral infection,Symptom
N1201,tinnitus,Symptom
N1202,epigastric fullness,Symptom
N1203,dizziness lasting tens of minutes to several hours.,Symptom
N1204,cerebral infarction,Disease
N1205,facial abnormality,Symptom
N1206,articulation disorder,Symptom
N1207,limb weakness and sensory disturbances due to midbrain problems in the cns.,Symptom
N1208,cardiac arrhythmia,Cause
N1209,orthostatic dizziness,Disease
N1210,arrhythmia,Cause
N1211,electrolyte abnormalities,Cause
N1212,psychogenic dizziness,Disease
N1213,anxiety or chest tightness.,Symptom
N1214,diuretic,Symptom
N1215,habitual obsessive-compulsive personality,Risk_Factor
N1216,diuretic,Risk_Factor
N1217,migraine,Disease
N1218,headache lasting more than half a day.,Symptom
N1219,prodromal symptoms of headache,Symptom
N1220,altered color perception,Symptom
N1221,pulsatile/unilateral headache.,Symptom
N1222,glare,Symptom
N1223,headache worsened by routine activities,Symptom
N1224,phonophobia,Symptom
N1225,primary headache,Cause
N1226,neurovascular compression,Cause
N1227,gastroesophageal reflux disease (gerd),Disease
N1228,dental caries,Symptom
N1229,tension-type headache,Disease
N1230,headache is especially severe in the evening.,Symptom
N1231,headache not related to activity.,Symptom
N1232,headache location changes.,Symptom
N1233,bilateral pressure headache,Symptom
N1234,trigeminal neuralgia,Disease
N1235,trigger point sensitivity,Symptom
N1236,headache lasting for a few seconds,Symptom
N1237,facial numbness,Symptom
N1238,stabbing headache,Symptom
N1239,primary headache,Risk_Factor
N1240,cluster headache,Disease
N1241,eye redness,Symptom
N1242,retro-orbital pain,Symptom
N1243,severe periorbital headache.,Symptom
N1244,brain tumor,Disease
N1245,visuospatial impairment,Symptom
N1246,poor planning,Symptom
N1247,severe headaches are chronic.,Symptom
N1248,febrile seizure,Disease
N1249,tonic-clonic seizure,Symptom
N1250,generalized seizure,Symptom
N1251,irregular breathing,Symptom
N1252,febrile seizure after a cold.,Symptom
N1253,seizure within 15 minutes,Symptom
N1254,6 months to 5 years old,Risk_Factor
N1255,infants and young children,Risk_Factor
N1256,shigella infection,Cause
N1257,apneic seizure,Disease
N1258,"breath-holding spell occurring in a child who is crying from fright, pain, or anger.",Symptom
N1259,infantile spasm,Disease
N1260,seizures more than a few dozen times per day.,Symptom
N1261,"hypnic jerk (sudden muscle contraction at sleep onset or awakening, with simultaneous limb flexion)",Symptom
N1262,infants aged 3-8 months.,Risk_Factor
N1263,benign rolandic epilepsy,Disease
N1264,nocturnal seizures with facial involvement and drooling.,Symptom
N1265,children aged 2 to 14 years,Risk_Factor
N1266,petit mal syndrome,Disease
N1267,suddenly dazed for 5–15 seconds.,Symptom
N1268,children aged 5 to 10 years.,Risk_Factor
N1269,induced by hyperventilation,Cause
N1270,juvenile myoclonic epilepsy,Disease
N1271,myoclonic jerks of the upper limb after waking.,Symptom
N1272,absence seizures can also occur.,Symptom
N1273,adolescents aged 12–18,Risk_Factor
N1274,lung cancer,Disease
N1275,chronic cough in the elderly with underlying disease,Symptom
N1276,long-term cigarette smoking,Risk_Factor
N1277,temporal lobe epilepsy,Disease
N1278,generalized seizure following mounting prodromal symptoms.,Symptom
N1279,postictal confusion,Symptom
N1280,alzheimer's disease,Disease
N1281,recent memory decline (long-term memory preserved),Symptom
N1282,frequently forgets appointments.,Symptom
N1283,word-finding difficulty,Symptom
N1284,impaired time orientation,Symptom
N1285,decreased problem-solving ability,Symptom
N1286,decreased abstract thinking,Symptom
N1287,low education level,Cause
N1288,apoe ε4 allele,Cause
N1289,female,Cause
N1290,vascular dementia,Disease
N1291,impaired decision making,Symptom
N1292,eating behavior changes,Symptom
N1293,stepwise deterioration of memory.,Symptom
N1294,sudden onset of memory decline,Symptom
N1295,history of stroke,Risk_Factor
N1296,dementia with lewy bodies (dlb),Disease
N1297,rest tremor,Symptom
N1298,hunched posture,Symptom
N1299,decreased sense of smell,Symptom
N1300,parkinson's syndrome,Symptom
N1301,autonomic nervous system dysfunction,Symptom
N1302,recurrent vivid visual hallucinations,Symptom
N1303,frontotemporal dementia (ftd),Disease
N1304,severe changes in personality and behavior.,Symptom
N1305,normal pressure hydrocephalus (nph),Disease
N1306,depression-induced dementia (pseudodementia),Disease
N1307,confabulation,Symptom
N1308,memory loss,Risk_Factor
N1309,sleep disorder,Risk_Factor
N1310,memory loss,Cause
N1311,drug-induced dementia,Disease
N1312,newly started anticholinergic.,Cause
N1313,mild cognitive impairment,Disease
N1314,memory impairment that does not interfere with daily living.,Symptom
N1315,functional impairment,Symptom
N1316,physiological tremor,Disease
N1317,mild tremor of the hand.,Symptom
N1318,occurrence of tremor during excessive exercise.,Symptom
N1319,normal tremor,Symptom
N1320,anxiety,Risk_Factor
N1321,parkinson's disease,Disease
N1322,progression of tremor symptoms from one hand to the other.,Symptom
N1323,bradykinesia,Symptom
N1324,shape of the pill,Risk_Factor
N1325,genetic abnormalities,Cause
N1326,chronic obstructive pulmonary disease (copd),Disease
N1327,essential tremor,Disease
N1328,postural tremor,Symptom
N1329,tremor in both hands,Symptom
N1330,no other abnormalities besides hand tremor.,Symptom
N1331,long-term cigarette smoking,Symptom
N1332,toxic exposure,Risk_Factor
N1333,hand tremor with a family history,Risk_Factor
N1334,cerebellar lesion,Disease
N1335,worsening hand tremor during activities such as drawing circles or writing.,Risk_Factor
N1336,alcohol and drug withdrawal symptoms,Disease
N1337,alcohol,Cause
N1338,huntington's disease,Disease
N1339,psychiatric symptoms,Symptom
N1340,chorea,Symptom
N1341,family history of huntington's disease.,Risk_Factor
N1342,congestive heart failure,Disease
N1343,low pulse pressure,Symptom
N1344,dullness on percussion,Symptom
N1345,diminished breath sounds,Symptom
N1346,displacement of apex beat,Symptom
N1347,history of cardiovascular disease,Risk_Factor
N1348,cardiotoxic chemotherapy,Cause
N1349,myelitis,Disease
N1350,hyperreflexia,Symptom
N1351,limb weakness and sensory abnormalities due to spinal cord problems.,Symptom
N1352,dissociated loss of pain and touch.,Symptom
N1353,temperature,Symptom
N1354,htlv-1,Cause
N1355,intervertebral disc herniation,Disease
N1356,temperature,Risk_Factor
N1357,multiple sclerosis,Disease
N1358,movement,Symptom
N1359,eye pain,Symptom
N1360,cerebellar dysfunction,Symptom
N1361,limb weakness and sensory disturbances due to cns demyelination.,Symptom
N1362,autoimmune response,Risk_Factor
N1363,women aged 20 to 40 years.,Risk_Factor
N1364,severe myasthenia gravis,Disease
N1365,autoimmune response,Symptom
N1366,blepharoptosis,Symptom
N1367,limb muscle weakness and sensory disturbances due to nmj problems.,Symptom
N1368,fatigue during repetitive exercise,Symptom
N1369,limb weakness and sensory disturbances relieved by rest.,Symptom
N1370,diplopia,Symptom
N1371,inflammatory myopathy,Disease
N1372,dysphagia,Symptom
N1373,weakness of the limbs and sensory abnormalities due to muscle problems.,Symptom
N1374,proximal muscle weakness,Symptom
N1375,radial nerve palsy,Disease
N1376,only the radial nerve-innervated portion is abnormal.,Symptom
N1377,neuropathy,Symptom
N1378,lying for a long time with an arm pillow.,Risk_Factor
N1379,angiotensin-converting enzyme inhibitors,Disease
N1380,"recent changes in antihypertensive medications (dose increase, newly started).",Risk_Factor
N1381,carpal tunnel syndrome,Disease
N1382,median nerve distribution numbness,Symptom
N1383,typing,Risk_Factor
N1384,hand-intensive occupation,Risk_Factor
N1385,guillain-barré syndrome,Disease
N1386,decreased deep tendon reflexes.,Symptom
N1387,symmetrical ascending paralysis of the limbs (from legs to arms),Symptom
N1388,neuropathy,Risk_Factor
N1389,recent cold/diarrhea/vaccination,Risk_Factor
N1390,hyperkalemic periodic paralysis,Disease
N1391,morning weakness,Symptom
N1392,limb weakness and sensory disturbances after carbohydrate intake.,Symptom
N1393,weakness of the limbs and sensory disturbances due to metabolic abnormality.,Symptom
N1394,cervical intervertebral disc herniation,Disease
N1395,radiating pain in the upper limb.,Symptom
N1396,positive spurling test.,Symptom
N1397,neck pain that worsens with neck extension.,Symptom
N1398,neck pain due to degeneration.,Symptom
N1399,cervical spinal canal stenosis,Disease
N1400,neck pain radiating along the cervical nerve roots to the shoulders and both arms.,Symptom
N1401,gradually worsening neck pain,Symptom
N1402,middle-aged and older adults,Risk_Factor
N1403,peripheral neuropathy,Risk_Factor
N1404,acute sinusitis,Disease
N1405,severe nasal congestion,Symptom
N1406,hyposmia,Symptom
N1407,paranasal sinus tenderness,Symptom
N1408,mucous discharge,Cause
N1409,bleeding from the upper airway and oral cavity.,Disease
N1410,small amount of blood during hemoptysis.,Symptom
N1411,bleeding during tooth brushing.,Symptom
N1412,whiplash injury,Disease
N1413,neck pain due to trauma,Symptom
N1414,shoulder pain,Symptom
N1415,motor vehicle collision,Risk_Factor
N1416,motor vehicle collision,Cause
N1417,cervical sprain,Disease
N1418,neck pain worsens with movement.,Symptom
N1419,motor vehicle collision,Symptom
N1420,"dull, aching pain in the lower posterior neck on both sides.",Symptom
N1421,no radiating pain in the upper limb.,Symptom
N1422,rest relieves neck pain.,Symptom
N1423,myofascial pain syndrome,Disease
N1424,restricted range of motion,Symptom
N1425,neck pain occurs when trigger points are pressed.,Symptom
N1426,stiff neck with a pulling sensation at the back of the head.,Symptom
N1427,trigger point sensitivity,Cause
N1428,traumatic muscle injury,Cause
N1429,connective tissue disease,Cause
N1430,maintaining an abnormal posture for a long time,Cause
N1431,rheumatoid arthritis,Disease
N1432,morning stiffness (>1 hour),Symptom
N1433,pain in the finger joints and other areas as well.,Symptom
N1434,bilateral joint pain.,Symptom
N1435,primarily mcp joints,Symptom
N1436,proximal interphalangeal joint,Symptom
N1437,early-morning stiffness,Symptom
N1438,chronic arthritis and inflammation,Symptom
N1439,metastasis of cancer to the cervical spine,Disease
N1440,lumbar intervertebral disc herniation,Disease
N1441,tingling,Symptom
N1442,lower back pain,Symptom
N1443,lower back pain due to degeneration.,Symptom
N1444,slrt(+)(mostly unilateral),Symptom
N1445,lumbar spinal canal stenosis,Disease
N1446,positive straight leg raise test (predominantly bilateral),Symptom
N1447,low back pain aggravated by back extension.,Symptom
N1448,difficulty walking long distances,Symptom
N1449,low back pain relieved by sitting or lying down.,Symptom
N1450,mami syndrome,Disease
N1451,lower extremity muscle strength,Symptom
N1452,lumbar sprain,Disease
N1453,lower back muscle pain,Symptom
N1454,traumatic low back pain,Symptom
N1455,lumbar movement restriction,Symptom
N1456,movement,Risk_Factor
N1457,carried a heavy load.,Risk_Factor
N1458,chronic bronchitis,Disease
N1459,lumbar compression fracture,Disease
N1460,fall or lumbar flexion,Risk_Factor
N1461,history of osteoporosis,Risk_Factor
N1462,metastasis of cancer to the lumbar spine.,Disease
N1463,back pain unrelated to movement,Symptom
N1464,ankylosing spondylitis,Disease
N1465,uveitis,Symptom
N1466,low back pain relieved by movement and worsened by rest.,Symptom
N1467,morning back pain,Symptom
N1468,schober test positive,Symptom
N1469,bacterial infections,Risk_Factor
N1470,young man (20s–30s),Risk_Factor
N1471,gout,Disease
N1472,acute arthritis and inflammation,Symptom
N1473,big toe joint pain,Symptom
N1474,joint erythema,Symptom
N1475,infectious arthritis,Disease
N1476,artificial joint,Risk_Factor
N1477,history of infectious diseases,Risk_Factor
N1478,artificial joint,Cause
N1479,immunosuppressive therapy,Cause
N1480,tnf inhibitors,Cause
N1481,intra-articular injection force,Cause
N1482,abscess formation,Cause
N1483,renal osteodystrophy,Cause
N1484,reactive arthritis,Disease
N1485,acute arthritis with no inflammation,Symptom
N1486,joint pain at rest.,Symptom
N1487,past history of urethritis/diarrhea,Risk_Factor
N1488,traumatic arthritis,Disease
N1489,traumatic force on the joint,Cause
N1490,behçet's disease,Disease
N1491,oral and genital ulcers,Symptom
N1492,erythema nodosum,Symptom
N1493,lung abscess,Disease
N1494,foul-smelling sputum,Symptom
N1495,chronic drinker,Risk_Factor
N1496,lupus arthritis,Disease
N1497,chronic arthritis with no inflammation.,Symptom
N1498,"lupus symptoms (malar rash, discoid rash, oral ulcer, photosensitivity, etc.)",Symptom
N1499,possible prior history of miscarriage.,Risk_Factor
N1500,sjögren's syndrome,Disease
N1501,xerostomia,Symptom
N1502,osteoarthritis,Disease
N1503,joint pain after heavy use (mostly in the evening),Symptom
N1504,asymmetric joint pain,Symptom
N1505,crepitations,Symptom
N1506,skeletal joint abnormalities,Cause
N1507,adhesive capsulitis,Disease
N1508,possible extra-articular pain.,Symptom
N1509,shoulder joint pain,Symptom
N1510,ages 40 to 60,Risk_Factor
N1511,epicondylitis,Disease
N1512,tender point below the elbow,Symptom
N1513,pain with wrist movement,Symptom
N1514,medial and lateral elbow pain radiating to the forearm.,Symptom
N1515,impaired wound healing,Cause
N1516,chondromalacia patellae,Disease
N1517,no joint pain at rest and crepitus on movement.,Symptom
N1518,stiffness in the front of the knee.,Symptom
N1519,knee joint pain when watching a movie at the cinema.,Symptom
N1520,rotator cuff tear,Disease
N1521,shoulder pain that worsens at night.,Symptom
N1522,difficulty lifting the arm,Symptom
N1523,weak pulse,Disease
N1524,generalized skin rash,Symptom
N1525,decreased muscle strength,Risk_Factor
N1526,medication history,Risk_Factor
N1527,atopic dermatitis,Disease
N1528,pruritus,Symptom
N1529,eczematous lesions,Symptom
N1530,"rash on the flexor surfaces of the face, neck, and limbs.",Symptom
N1531,dry climate,Risk_Factor
N1532,2 years and older,Risk_Factor
N1533,past history of atopy,Risk_Factor
N1534,family history of atopy,Risk_Factor
N1535,food sensitivity,Cause
N1536,dry climate,Cause
N1537,systemic lupus erythematosus,Disease
N1538,dry climate,Symptom
N1539,"viral exanthem (measles, chickenpox, etc.)",Disease
N1540,infection-related skin rash,Symptom
N1541,cold symptoms,Symptom
N1542,bronchiectasis,Disease
N1543,recurrent respiratory infections,Symptom
N1544,recurrent respiratory infections,Risk_Factor
N1545,scabies mite,Disease
N1546,nocturnal pruritus,Symptom
N1547,lower abdominal pruritus,Symptom
N1548,axillary pruritus,Symptom
N1549,inguinal pruritus,Symptom
N1550,similar itching symptoms among family members.,Risk_Factor
N1551,shingles,Disease
N1552,band-shaped erythematous papules along skin creases.,Symptom
N1553,postherpetic neuralgia,Symptom
N1554,immunosuppressant,Risk_Factor
N1555,secondary syphilis,Disease
N1556,palmar and plantar rash,Symptom
N1557,high-risk sexual intercourse,Risk_Factor
N1558,rose-colored nasal rash,Disease
N1559,tree-shaped skin rash,Symptom
N1560,skin rash with marginal scaling.,Symptom
N1561,skin rash that worsens in spring and fall.,Symptom
N1562,development of a skin rash on the trunk or limbs.,Symptom
N1563,eczematous lesions,Risk_Factor
N1564,ages 10 to 40,Risk_Factor
N1565,eczematous lesions,Cause
N1566,pulmonary paragonimiasis,Disease
N1567,history of freshwater crab gejang consumption.,Cause
N1568,psoriasis,Disease
N1569,silvery-white scales appear in overlapping layers on the skin.,Symptom
N1570,papules appear on the skin and gradually coalesce to form plaques.,Symptom
N1571,chronic infection,Cause
N1572,skin dryness,Cause
N1573,beta blockers,Cause
N1574,contact dermatitis,Disease
N1575,"contact with soap, detergents, cosmetics, belts, necklaces, etc.",Risk_Factor
N1576,food flavorings,Cause
N1577,primary hyperhidrosis,Disease
N1578,severe thirst,Symptom
N1579,water diuresis,Risk_Factor
N1580,fluid overload,Risk_Factor
N1581,compulsive water intake,Risk_Factor
N1582,central diabetes insipidus,Disease
N1583,water diuresis,Symptom
N1584,pale urine,Symptom
N1585,fluid overload,Symptom
N1586,drank a large amount of water.,Symptom
N1587,neurosurgery,Cause
N1588,nephrogenic diabetes insipidus,Disease
N1589,history of lithium use.,Risk_Factor
N1590,past medical history of urological diseases.,Risk_Factor
N1591,post-obstructive diuresis,Disease
N1592,urinary catheter insertion force,Cause
N1593,pulmonary embolism,Disease
N1594,acute dyspnea,Symptom
N1595,cancer,Risk_Factor
N1596,surgery / lying down,Risk_Factor
N1597,urinary tract infection,Disease
N1598,sensation of incomplete bladder emptying,Symptom
N1599,catheterization,Risk_Factor
N1600,thinning of vaginal mucosa,Cause
N1601,chronic pelvic pain syndrome,Cause
N1602,diuretic,Disease
N1603,catheterization,Symptom
N1604,"coffee/green tea/cocoa, etc.",Risk_Factor
N1605,catheterization,Cause
N1606,coffee,Disease
N1607,diabetes mellitus,Disease
N1608,polyphagia,Symptom
N1609,osmotic diuresis,Symptom
N1610,family history of diabetes,Risk_Factor
N1611,environmental exposures,Risk_Factor
N1612,weight loss due to an endocrine disorder.,Cause
N1613,primary hypercholesterolemia,Disease
N1614,primary (essential) dyslipidemia,Cause
N1615,familial hypercholesterolemia,Disease
N1616,xanthoma,Symptom
N1617,early-onset dyslipidemia,Symptom
N1618,family history of heart disease.,Risk_Factor
N1619,family history of hyperlipidemia,Risk_Factor
N1620,drug-induced hypercholesterolemia,Disease
N1621,secondary dyslipidemia,Cause
N1622,nephrotic syndrome,Disease
N1623,menopausal syndrome,Disease
N1624,iga nephropathy,Disease
N1625,hematuria within 2–3 days after an upper respiratory tract infection.,Symptom
N1626,no abdominal pain.,Symptom
N1627,history of hematuria,Symptom
N1628,post-streptococcal glomerulonephritis (psgn),Disease
N1629,hematuria 7–14 days after a skin infection.,Symptom
N1630,hematuria 7–14 days after upper respiratory tract infection.,Symptom
N1631,intrinsic renal oliguria,Symptom
N1632,alport syndrome,Disease
N1633,asymptomatic hematuria,Symptom
N1634,sensorineural hearing loss,Symptom
N1635,end-stage renal failure,Symptom
N1636,family history of kidney disease.,Risk_Factor
N1637,kidney cancer,Disease
N1638,smoking,Cause
N1639,urethral injury,Disease
N1640,examination of the external genitalia and vulva.,Symptom
N1641,hematuria only at the start of urination.,Symptom
N1642,urethral traumatic force,Cause
N1643,cystitis,Disease
N1644,urinary urgency,Symptom
N1645,dysuria (mostly in women),Symptom
N1646,difficulty urinating,Cause
N1647,bladder cancer,Disease
N1648,retching sensation,Symptom
N1649,chronic infection,Risk_Factor
N1650,pelvic radiation,Cause
N1651,prostatitis,Disease
N1652,sensation of incomplete bladder emptying in men.,Symptom
N1653,thinning of the urine stream,Symptom
N1654,nocturnal enuresis,Symptom
N1655,benign prostatic hyperplasia,Symptom
N1656,groin pain,Symptom
N1657,benign prostatic hyperplasia,Risk_Factor
N1658,prostate cancer,Disease
N1659,acute urinary retention,Symptom
N1660,bone pain,Symptom
N1661,pneumothorax,Disease
N1662,hyperresonant percussion,Symptom
N1663,young and thin male,Risk_Factor
N1664,rifampin administration,Disease
N1665,no abnormal findings other than tuberculosis.,Symptom
N1666,"possibility that the urine is red, but not hematuria.",Symptom
N1667,took tb medication.,Cause
N1668,rhabdomyolysis,Disease
N1669,sauna,Risk_Factor
N1670,benign prostatic hyperplasia,Disease
N1671,post-void dribbling,Symptom
N1672,intermittent urinary stream,Symptom
N1673,abdominal-pressure voiding,Symptom
N1674,impotence,Risk_Factor
N1675,urethritis,Disease
N1676,voiding dysfunction due to urethral problem,Symptom
N1677,itching in the urethral area or around the external genitalia.,Symptom
N1678,sexual history,Risk_Factor
N1679,urge urinary incontinence,Disease
N1680,pollakiuria (8 or more times per day),Symptom
N1681,urinary dribbling,Symptom
N1682,stress urinary incontinence,Disease
N1683,urinary leakage during coughing,Symptom
N1684,involuntary urination during physical exertion,Symptom
N1685,urinary leakage during sneezing,Symptom
N1686,uterine prolapse,Risk_Factor
N1687,gynecological surgery,Risk_Factor
N1688,childbirth,Risk_Factor
N1689,mixed urinary incontinence,Disease
N1690,urge incontinence,Symptom
N1691,bronchitis,Disease
N1692,overflow incontinence,Disease
N1693,urethral stricture,Risk_Factor
N1694,neurogenic bladder,Disease
N1695,past history of nervous system injury.,Risk_Factor
N1696,drugs,Disease
N1697,drug,Cause
N1698,alcohol,Disease
N1699,drug,Risk_Factor
N1700,interstitial lung disease,Disease
N1701,cyanosis,Symptom
N1702,respiratory distress,Risk_Factor
N1703,hypovolemia,Disease
N1704,signs of dehydration,Symptom
N1705,prerenal oliguria,Symptom
N1706,acute renal insufficiency,Cause
N1707,vomiting,Cause
N1708,heart failure,Disease
N1709,drug-induced acute kidney injury,Disease
N1710,angiotensin ii receptor blocker,Risk_Factor
N1711,angiotensin-converting enzyme inhibitors,Risk_Factor
N1712,nsaids,Risk_Factor
N1713,acute kidney injury due to nephrotoxic drugs.,Disease
N1714,nsaids,Symptom
N1715,contrast agent,Risk_Factor
N1716,chemotherapy drug (cisplatin),Cause
N1717,transplant rejection,Disease
N1718,history of kidney transplantation,Risk_Factor
N1719,bladder neck obstruction,Disease
N1720,postrenal oliguria,Symptom
N1721,urethral stricture,Cause
N1722,polycystic ovary syndrome,Disease
N1723,abnormal findings on ovarian ultrasound.,Symptom
N1724,acne,Symptom
N1725,hirsutism,Symptom
N1726,hepatic steatosis,Symptom
N1727,premature menopause,Disease
N1728,estrogen deficiency,Symptom
N1729,irregular menstrual cycle,Symptom
N1730,family history of premature menopause,Risk_Factor
N1731,intrauterine adhesions,Disease
N1732,past history of uterine curettage.,Risk_Factor
