exp,ratio,split,IG@1,IG@2,IG@3,IG@4,OOG@1,OOG@2,OOG@3,OOG@4,all@1,all@2,all@3,all@4
paper_HG,-,test,0.3233,0.4479,0.5247,0.5586,0.0,0.0,0.0,0.0,0.2425,0.3359,0.3935,0.4189
paper_HG,-,valid,0.4163,0.502,0.5609,0.6008,0.0,0.0,0.0,0.0,0.3122,0.3765,0.4207,0.4506
exp6,0,test,0.3084,0.4447,0.5335,0.5814,0.0,0.0,0.0,0.0,0.2313,0.3335,0.4001,0.436
exp6,0,valid,0.3958,0.5111,0.5809,0.6335,0.0,0.0,0.0,0.0,0.2968,0.3834,0.4357,0.4751
exp6,5,test,0.3526,0.453,0.5391,0.6037,0.0051,0.0203,0.0418,0.0722,0.2657,0.3448,0.4147,0.4708
exp6,5,valid,0.4129,0.5521,0.6052,0.6348,0.0292,0.0511,0.0876,0.1387,0.317,0.4269,0.4758,0.5108
exp6,10,test,0.3191,0.4284,0.5,0.5344,0.1861,0.262,0.2949,0.3228,0.2858,0.3868,0.4487,0.4815
exp6,10,valid,0.4053,0.504,0.5688,0.6026,0.1752,0.2628,0.3139,0.3504,0.3478,0.4437,0.5051,0.5396
exp6,15,test,0.3167,0.4274,0.4935,0.5367,0.2557,0.3316,0.4025,0.4241,0.3015,0.4035,0.4707,0.5086
exp6,15,valid,0.4139,0.5276,0.579,0.6201,0.3139,0.3796,0.4161,0.438,0.3889,0.4906,0.5382,0.5746
exp6,20,test,0.3265,0.4544,0.5191,0.567,0.2152,0.2823,0.343,0.3734,0.2987,0.4114,0.4751,0.5186
exp6,20,valid,0.3827,0.5058,0.5782,0.6223,0.2883,0.3759,0.4343,0.4781,0.3591,0.4733,0.5422,0.5863
exp6,25,test,0.3242,0.434,0.5084,0.5563,0.2937,0.3747,0.4278,0.4532,0.3166,0.4191,0.4882,0.5305
exp6,25,valid,0.386,0.5115,0.5575,0.5977,0.4015,0.5182,0.5766,0.5839,0.3899,0.5132,0.5623,0.5942
exp6,30,test,0.3107,0.4223,0.4995,0.5479,0.3291,0.3962,0.4646,0.5127,0.3153,0.4158,0.4908,0.5391
exp6,30,valid,0.3918,0.5022,0.5648,0.6034,0.4051,0.5292,0.5438,0.573,0.3951,0.5089,0.5596,0.5958
exp6,35,test,0.3493,0.4595,0.5184,0.5487,0.3722,0.4557,0.4937,0.5342,0.355,0.4586,0.5123,0.5451
exp6,35,valid,0.3815,0.4891,0.5513,0.613,0.438,0.5474,0.6131,0.6606,0.3956,0.5037,0.5668,0.6249

paper_HG,-,test,0.3233,0.4479,0.5247,0.5586,0.0,0.0,0.0,0.0,0.2425,0.3359,0.3935,0.4189
paper_HG,-,valid,0.4163,0.502,0.5609,0.6008,0.0,0.0,0.0,0.0,0.3122,0.3765,0.4207,0.4506
exp5,0,test,0.2772,0.4056,0.4991,0.546,0.0,0.0,0.0,0.0,0.2079,0.3042,0.3743,0.4095
exp5,0,valid,0.3494,0.4642,0.5533,0.6014,0.0,0.0,0.0,0.0,0.2621,0.3482,0.415,0.4511
exp5,5,test,0.3084,0.4377,0.5279,0.5749,0.5646,0.6987,0.7468,0.7848,0.3724,0.5029,0.5826,0.6274
exp5,5,valid,0.3912,0.5074,0.5802,0.6364,0.4599,0.6496,0.7445,0.7737,0.4084,0.5429,0.6212,0.6708
exp5,10,test,0.2921,0.4126,0.4873,0.5313,0.7392,0.8177,0.8506,0.8734,0.4039,0.5138,0.5781,0.6168
exp5,10,valid,0.3773,0.4883,0.5563,0.5945,0.7007,0.7956,0.8467,0.8905,0.4581,0.5651,0.6289,0.6685
exp5,15,test,0.3047,0.4158,0.5158,0.5619,0.8329,0.8861,0.9139,0.919,0.4367,0.5334,0.6153,0.6511
exp5,15,valid,0.3928,0.5298,0.5935,0.6468,0.7956,0.8394,0.8759,0.8978,0.4935,0.6072,0.6641,0.7095
exp5,20,test,0.287,0.4284,0.4929,0.5459,0.8608,0.8937,0.9139,0.9266,0.4304,0.5447,0.5981,0.6411
exp5,20,valid,0.3803,0.5032,0.5744,0.6058,0.8394,0.8759,0.927,0.9489,0.4951,0.5964,0.6625,0.6916
exp5,25,test,0.3349,0.4442,0.5102,0.5558,0.8886,0.9139,0.9291,0.9418,0.4733,0.5616,0.615,0.6523
exp5,25,valid,0.3745,0.5103,0.5748,0.6163,0.8029,0.8467,0.8832,0.9124,0.4816,0.5944,0.6519,0.6904
exp5,30,test,0.3,0.4274,0.4958,0.5405,0.9772,0.9873,0.9873,0.9899,0.4693,0.5674,0.6187,0.6528
exp5,30,valid,0.3819,0.5024,0.5634,0.6156,0.9781,0.9927,0.9927,0.9927,0.5309,0.625,0.6708,0.7098
exp5,35,test,0.3158,0.4191,0.4907,0.5302,0.9316,0.9468,0.9468,0.9494,0.4698,0.551,0.6047,0.635
exp5,35,valid,0.4057,0.4889,0.5589,0.6016,0.927,0.9416,0.9489,0.9562,0.536,0.602,0.6564,0.6903

