disease,n_profiles,n_notes,n_train_only,old_deg,keep,drop,validation_rate,new_deg_compact,n_note_missed
acute kidney injury,719,719,115,7,7,0,1.0,7,1
alcohol use disorder,279,279,109,12,10,2,0.8333,8,1
coronary artery disease,276,276,87,6,5,1,0.8333,5,3
deep vein thrombosis,266,266,111,15,12,3,0.8,8,0
sepsis,251,251,43,10,10,0,1.0,8,1
foot ulcer,193,193,93,2,2,0,1.0,2,0
cutaneous abscess,167,167,78,9,3,6,0.3333,3,0
bacteremia,128,128,56,3,3,0,1.0,3,0
osteomyelitis,123,123,55,7,4,3,0.5714,4,0
hiv infection,122,122,42,5,4,1,0.8,4,1
intra-abdominal abscess,119,119,48,10,9,1,0.9,8,0
ulcerative colitis,119,119,46,6,6,0,1.0,6,0
interstitial nephritis,103,103,39,6,6,0,1.0,6,3
ventral hernia,94,94,44,4,2,2,0.5,2,0
sickle cell disease,86,86,52,7,6,1,0.8571,6,3
acute respiratory failure,79,79,33,7,5,2,0.7143,5,0
hydronephrosis,74,74,29,5,4,1,0.8,4,0
cardiomyopathy,73,73,27,8,8,0,1.0,8,3
subdural hemorrhage,73,73,35,6,6,0,1.0,6,3
anorectal abscess,72,72,35,4,3,1,0.75,3,0
hepatitis c,68,68,25,5,4,1,0.8,4,1
dementia,63,63,20,7,5,2,0.7143,5,1
gangrene,63,63,22,5,3,2,0.6,3,0
pulmonary edema,53,53,30,7,5,2,0.7143,5,1
substance use disorder,53,53,21,8,6,2,0.75,6,1
psychosis,52,52,25,5,2,3,0.4,2,1
inguinal hernia,47,47,19,4,4,0,1.0,4,0
complete atrioventricular block,44,44,16,4,4,0,1.0,4,3
major depressive disorder,44,44,17,7,6,1,0.8571,6,0
pressure ulcer,43,43,14,4,3,1,0.75,3,0
portal vein thrombosis,39,39,21,2,2,0,1.0,2,1
abdominal aortic aneurysm,37,37,18,3,3,0,1.0,3,1
tenosynovitis,36,36,13,3,0,3,0.0,0,1
biliary obstruction,33,33,16,4,3,1,0.75,3,4
spontaneous bacterial peritonitis,33,33,21,4,4,0,1.0,4,2
peripheral arterial disease,31,31,12,8,7,1,0.875,7,0
anxiety disorder,28,28,11,8,4,4,0.5,4,0
bipolar disorder,28,28,9,9,5,4,0.5556,5,0
bone metastasis,28,28,8,7,5,2,0.7143,5,1
bursitis,28,28,14,7,2,5,0.2857,2,1
intestinal fistula,28,28,18,3,2,1,0.6667,2,0
necrotizing fasciitis,24,24,13,7,4,3,0.5714,4,0
ovarian cyst,24,24,12,2,1,1,0.5,1,0
supraventricular tachycardia,24,24,8,4,2,2,0.5,2,1
sialadenitis,22,22,7,3,1,2,0.3333,1,1
multiple myeloma,21,21,5,6,4,2,0.6667,4,1
peritonitis,21,21,10,4,2,2,0.5,2,0
cardiac arrest,20,20,13,4,2,2,0.5,2,2
vasculitis,19,19,0,15,13,2,0.8667,8,0
liver abscess,18,18,9,4,3,1,0.75,3,2
sarcoidosis,18,18,5,6,5,1,0.8333,5,0
dental abscess,17,17,6,7,5,2,0.7143,5,1
liver metastasis,17,17,7,4,2,2,0.5,2,0
paralytic ileus,17,17,9,3,1,2,0.3333,1,1
peritonsillar abscess,17,17,7,6,6,0,1.0,6,0
infective endocarditis,15,15,10,6,4,2,0.6667,4,2
lymphedema,15,15,7,4,2,2,0.5,2,3
otitis externa,15,15,11,2,2,0,1.0,2,0
cauda equina syndrome,14,14,7,5,3,2,0.6,3,0
lung metastasis,14,14,8,4,4,0,1.0,4,1
anal fistula,13,13,7,3,1,2,0.3333,1,1
malnutrition,13,13,5,4,3,1,0.75,3,0
mesenteric ischemia,13,13,0,6,4,2,0.6667,4,0
schizophrenia,13,13,0,10,3,7,0.3,3,0
cerebral aneurysm,12,12,5,4,2,2,0.5,2,1
diaphragmatic hernia,12,12,0,3,3,0,1.0,3,1
peripheral artery aneurysm,12,12,0,7,3,4,0.4286,3,0
pyoderma gangrenosum,12,12,0,3,2,1,0.6667,2,1
alcoholic hepatitis,11,11,5,10,8,2,0.8,8,4
cardiogenic shock,11,11,7,5,2,3,0.4,2,1
epididymitis,11,11,0,4,3,1,0.75,3,0
epiglottitis,11,11,8,3,3,0,1.0,3,2
pulmonary hypertension,10,10,0,5,4,1,0.8,4,0
splenic infarction,10,10,5,3,3,0,1.0,3,1
acute liver failure,9,9,0,5,4,1,0.8,4,2
esophageal motility disorder,9,9,5,4,3,1,0.75,3,1
esophageal stricture,9,9,0,4,3,1,0.75,3,0
hidradenitis suppurativa,9,9,0,2,1,1,0.5,1,0
hydrocephalus,9,9,0,4,4,0,1.0,4,1
intellectual disability,9,9,0,3,2,1,0.6667,2,1
hepatitis b,8,8,0,6,5,1,0.8333,5,2
myelodysplastic syndrome,8,8,0,5,3,2,0.6,3,1
thoracic aortic aneurysm,8,8,0,3,3,0,1.0,3,0
bell's palsy,7,7,0,4,3,1,0.75,3,1
encephalopathy,7,7,0,7,5,2,0.7143,5,1
lyme disease,7,7,0,5,4,1,0.8,4,3
myocarditis,7,7,0,4,3,1,0.75,3,0
otitis media,7,7,0,5,3,2,0.6,3,1
pancreatic pseudocyst,7,7,0,5,2,3,0.4,2,3
urticaria,7,7,0,5,5,0,1.0,5,3
herpes simplex infection,6,6,0,8,2,6,0.25,2,0
ovarian cancer,6,6,0,3,2,1,0.6667,2,0
testicular torsion,6,6,0,3,2,1,0.6667,2,0
babesiosis,5,5,0,4,4,0,1.0,4,1
cardiac tamponade,5,5,0,3,2,1,0.6667,2,0
hepatorenal syndrome,5,5,0,3,1,2,0.3333,1,2
idiopathic intracranial hypertension,5,5,0,4,4,0,1.0,4,2
pleural empyema,5,5,0,3,2,1,0.6667,2,2
brain metastasis,4,4,0,5,3,2,0.6,3,5
carotid artery dissection,4,4,0,5,3,2,0.6,3,0
conjunctivitis,4,4,0,4,3,1,0.75,3,1
melanoma,4,4,0,2,0,2,0.0,0,1
nonalcoholic steatohepatitis,4,4,0,4,1,3,0.25,1,1
oral candidiasis,4,4,0,5,3,2,0.6,3,4
amyotrophic lateral sclerosis,3,3,0,5,3,2,0.6,3,0
cystic fibrosis,3,3,0,3,2,1,0.6667,2,1
herpes zoster,3,3,0,4,2,2,0.5,2,0
pilonidal disease,3,3,0,3,0,3,0.0,0,1
polycythemia vera,3,3,0,5,1,4,0.2,1,1
psoriatic arthritis,3,3,0,4,0,4,0.0,0,2
spinal stenosis,3,3,0,2,2,0,1.0,2,0
varicose veins,3,3,0,4,2,2,0.5,2,3
acute respiratory distress syndrome,2,2,0,4,1,3,0.25,1,0
amyloidosis,2,2,0,6,0,6,0.0,0,0
avascular necrosis,2,2,0,3,1,2,0.3333,1,0
borderline personality disorder,2,2,0,7,0,7,0.0,0,0
central retinal artery occlusion,2,2,0,2,0,2,0.0,0,0
chronic venous insufficiency,2,2,0,3,2,1,0.6667,2,0
compartment syndrome,2,2,0,3,1,2,0.3333,1,0
graft-versus-host disease,2,2,0,3,2,1,0.6667,2,0
mediastinitis,2,2,0,2,1,1,0.5,1,0
osteonecrosis,2,2,0,2,0,2,0.0,0,0
polycystic kidney disease,2,2,0,3,2,1,0.6667,2,0
polyneuropathy,2,2,0,3,0,3,0.0,0,0
post-traumatic stress disorder,2,2,0,4,2,2,0.5,2,0
rectal prolapse,2,2,0,3,0,3,0.0,0,0
thyroid cancer,2,2,0,4,1,3,0.25,1,0
ventricular fibrillation,2,2,0,3,1,2,0.3333,1,0
von willebrand disease,2,2,0,5,0,5,0.0,0,0
angioedema,1,1,0,2,0,2,0.0,0,0
antiphospholipid syndrome,1,1,0,2,0,2,0.0,0,0
aspergillosis,1,1,0,2,0,2,0.0,0,0
autoimmune hepatitis,1,1,0,4,1,3,0.25,1,0
cytomegalovirus infection,1,1,0,4,2,2,0.5,2,0
dermatophytosis (tinea),1,1,0,2,1,1,0.5,1,0
drug eruption,1,1,0,6,2,4,0.3333,2,0
encephalitis,1,1,0,4,1,3,0.25,1,0
hemochromatosis,1,1,0,5,1,4,0.2,1,0
hyperaldosteronism,1,1,0,2,0,2,0.0,0,0
impetigo,1,1,0,3,2,1,0.6667,2,0
long qt syndrome,1,1,0,3,1,2,0.3333,1,0
muscular dystrophy,1,1,0,3,0,3,0.0,0,0
neurosyphilis,1,1,0,3,0,3,0.0,0,0
obsessive-compulsive disorder,1,1,0,2,0,2,0.0,0,0
orchitis,1,1,0,2,1,1,0.5,1,0
ovarian hyperstimulation syndrome,1,1,0,2,1,1,0.5,1,0
paget's disease of bone,1,1,0,2,0,2,0.0,0,0
pemphigus vulgaris,1,1,0,4,0,4,0.0,0,0
peritoneal metastasis,1,1,0,3,2,1,0.6667,2,0
polymyalgia rheumatica,1,1,0,5,1,4,0.2,1,0
popliteal cyst,1,1,0,3,0,3,0.0,0,0
rosacea,1,1,0,2,0,2,0.0,0,0
scabies,1,1,0,2,1,1,0.5,1,0
scoliosis,1,1,0,2,1,1,0.5,1,0
siadh (syndrome of inappropriate antidiuretic hormone),1,1,0,3,2,1,0.6667,2,0
spina bifida,1,1,0,3,1,2,0.3333,1,0
streptococcal pharyngitis,1,1,0,3,2,1,0.6667,2,0
thrombophilia,1,1,0,1,0,1,0.0,0,0
tularemia,1,1,0,3,1,2,0.3333,1,0
anaphylaxis,0,0,0,4,0,4,0.0,0,0
aspiration pneumonia,0,0,0,3,0,3,0.0,0,0
atrial septal defect,0,0,0,4,0,4,0.0,0,0
attention deficit hyperactivity disorder (adhd),0,0,0,2,0,2,0.0,0,0
brain abscess,0,0,0,5,0,5,0.0,0,0
budd-chiari syndrome,0,0,0,2,0,2,0.0,0,0
carcinoid syndrome,0,0,0,2,0,2,0.0,0,0
colorectal polyp,0,0,0,3,0,3,0.0,0,0
common variable immunodeficiency,0,0,0,1,0,1,0.0,0,0
disseminated candidiasis,0,0,0,2,0,2,0.0,0,0
esophageal atresia,0,0,0,2,0,2,0.0,0,0
esophageal cancer,0,0,0,4,0,4,0.0,0,0
esophageal perforation,0,0,0,3,0,3,0.0,0,0
fibromyalgia,0,0,0,4,0,4,0.0,0,0
glaucoma,0,0,0,3,0,3,0.0,0,0
hemophagocytic syndrome,0,0,0,3,0,3,0.0,0,0
hyperparathyroidism,0,0,0,3,0,3,0.0,0,0
marfan syndrome,0,0,0,4,0,4,0.0,0,0
neurofibromatosis,0,0,0,3,0,3,0.0,0,0
osteoporosis,0,0,0,5,0,5,0.0,0,0
peyronie's disease,0,0,0,2,0,2,0.0,0,0
phimosis,0,0,0,1,0,1,0.0,0,0
portal hypertension,0,0,0,2,0,2,0.0,0,0
raynaud's syndrome,0,0,0,3,0,3,0.0,0,0
renal infarction,0,0,0,4,0,4,0.0,0,0
schistosomiasis,0,0,0,3,0,3,0.0,0,0
sclerosing mesenteritis,0,0,0,2,0,2,0.0,0,0
spinal epidural abscess,0,0,0,4,0,4,0.0,0,0
systemic mastocytosis,0,0,0,3,0,3,0.0,0,0
testicular cancer,0,0,0,1,0,1,0.0,0,0
ventricular septal defect,0,0,0,2,0,2,0.0,0,0
