strategy,split,ratio,OOG@1,OOG@2,OOG@3,OOG@4,IG@1,IG@2,IG@3,IG@4,overall@1,overall@2,overall@3,overall@4,n_ID,n_OOD,n_ID_bal,n_OOG_bal
paper_origSFT,test,-,0.0,0.0,0.0,0.0,0.25,0.361,0.394,0.418,0.1843,0.2662,0.2905,0.3082,275,-,275,98
OtherNode,valid,0,0.0,0.0,0.0156,0.2188,0.1902,0.2544,0.3163,0.3591,0.1404,0.1877,0.2383,0.3159,304,128,304,108
OtherNode,valid,5,0.0,0.0234,0.1094,0.4688,0.2034,0.2604,0.2928,0.3257,0.1501,0.1994,0.25,0.3714,304,128,304,108
OtherNode,valid,10,0.2891,0.3203,0.4297,0.7344,0.1902,0.2686,0.3081,0.3344,0.2156,0.2807,0.3317,0.4361,304,128,304,108
OtherNode,valid,15,0.3828,0.4219,0.5078,0.7188,0.1639,0.2555,0.3147,0.3509,0.2205,0.2977,0.3657,0.4506,304,128,304,108
OtherNode,valid,20,0.625,0.6406,0.6719,0.8359,0.1294,0.2248,0.2725,0.2939,0.2557,0.3309,0.3758,0.4377,304,128,304,108
OtherNode,valid,25,0.6406,0.6406,0.6719,0.8672,0.1425,0.2593,0.3021,0.33,0.2654,0.3515,0.3904,0.4668,304,128,304,108
OtherNode,valid,30,0.8047,0.8125,0.8203,0.9141,0.0976,0.1946,0.2533,0.2944,0.2832,0.3572,0.4029,0.4624,304,128,304,108
OtherNode,valid,35,0.8203,0.8281,0.8516,0.9453,0.0932,0.21,0.2577,0.2834,0.2799,0.3685,0.411,0.4567,304,128,304,108
OtherNode,test,25,0.7243,0.7366,0.7695,0.8765,0.1218,0.2545,0.2982,0.3127,0.2936,0.3914,0.429,0.4692,275,243,275,98
GraphAug_v3a,valid,0,0.0156,0.0469,0.0625,0.0625,0.2692,0.3514,0.3843,0.4419,0.2035,0.2714,0.3006,0.343,304,128,304,108
GraphAug_v3a,valid,5,0.0312,0.0547,0.0547,0.0547,0.284,0.3531,0.4008,0.4512,0.2168,0.2751,0.3103,0.3475,304,128,304,108
GraphAug_v3a,valid,10,0.0547,0.0938,0.125,0.125,0.2823,0.3695,0.4156,0.4781,0.2229,0.2969,0.3358,0.3819,304,128,304,108
GraphAug_v3a,valid,15,0.0625,0.1172,0.1406,0.1562,0.2697,0.3405,0.3969,0.4496,0.216,0.2852,0.3341,0.3778,304,128,304,108
GraphAug_v3a,valid,20,0.0938,0.1484,0.1562,0.1641,0.2231,0.3218,0.3871,0.4413,0.1913,0.2787,0.3293,0.3718,304,128,304,108
GraphAug_v3a,valid,25,0.0781,0.1406,0.1406,0.1719,0.2308,0.3328,0.3657,0.4463,0.1922,0.2868,0.3111,0.3778,304,128,304,108
GraphAug_v3a,valid,30,0.1367,0.168,0.2148,0.2305,0.2495,0.3481,0.4189,0.4857,0.2217,0.3042,0.3661,0.4203,304,128,304,108
GraphAug_v3a,valid,35,0.1094,0.1562,0.1797,0.1875,0.2083,0.33,0.3904,0.4529,0.1828,0.2872,0.339,0.3875,304,128,304,108
GraphAug_v3a,test,30,0.0967,0.142,0.1667,0.179,0.2,0.3055,0.3473,0.4145,0.1743,0.2654,0.307,0.3619,275,243,275,98
GraphAug_v3b,valid,0,0.0391,0.0469,0.0469,0.0625,0.2593,0.3564,0.4073,0.4682,0.2035,0.2775,0.3151,0.3625,304,128,304,108
GraphAug_v3b,valid,5,0.0234,0.0547,0.0625,0.0859,0.2473,0.3081,0.3673,0.415,0.1897,0.2443,0.2905,0.3305,304,128,304,108
GraphAug_v3b,valid,10,0.0547,0.0859,0.1094,0.1172,0.2675,0.3646,0.4172,0.4731,0.212,0.2933,0.3394,0.3807,304,128,304,108
GraphAug_v3b,valid,15,0.0547,0.0859,0.1094,0.1172,0.2396,0.33,0.4024,0.4715,0.1938,0.2702,0.3285,0.3819,304,128,304,108
GraphAug_v3b,valid,20,0.1133,0.1445,0.1523,0.168,0.2133,0.3152,0.3596,0.4271,0.1853,0.2702,0.3054,0.36,304,128,304,108
GraphAug_v3b,valid,25,0.1016,0.125,0.1562,0.1719,0.2566,0.3531,0.4041,0.4775,0.2184,0.2969,0.3443,0.4009,304,128,304,108
GraphAug_v3b,valid,30,0.1328,0.1719,0.2109,0.2266,0.1897,0.2785,0.3246,0.4046,0.1812,0.2589,0.3026,0.3665,304,128,304,108
GraphAug_v3b,valid,35,0.1094,0.1562,0.1562,0.1641,0.2346,0.3481,0.381,0.4496,0.2023,0.3006,0.3248,0.3778,304,128,304,108
KGv1_orig,valid,0,0.0625,0.1172,0.1328,0.1484,0.2758,0.3904,0.4753,0.5082,0.218,0.3172,0.3847,0.4138,304,128,304,108
KGv1_orig,valid,5,0.0547,0.1016,0.1328,0.1328,0.2752,0.3739,0.4359,0.477,0.2176,0.3026,0.3556,0.3859,304,128,304,108
KGv1_orig,valid,10,0.0703,0.1016,0.1328,0.1328,0.256,0.3728,0.4271,0.483,0.2059,0.2994,0.3491,0.3904,304,128,304,108
KGv1_orig,valid,15,0.0703,0.0859,0.1094,0.125,0.2495,0.3607,0.4249,0.4594,0.2059,0.2929,0.3451,0.3754,304,128,304,108
KGv1_orig,valid,20,0.0547,0.0703,0.1094,0.1484,0.2495,0.3459,0.4068,0.4561,0.1962,0.2722,0.3293,0.373,304,128,304,108
KGv1_orig,valid,25,0.0703,0.0859,0.0938,0.1172,0.2127,0.364,0.426,0.4951,0.1739,0.2905,0.3386,0.3968,304,128,304,108
KGv1_orig,valid,30,0.0703,0.1094,0.1172,0.1328,0.2708,0.3788,0.4309,0.4688,0.2193,0.3062,0.3471,0.375,304,128,304,108
KGv1_orig,valid,35,0.0547,0.0859,0.1172,0.1719,0.2462,0.358,0.4304,0.4698,0.1986,0.286,0.3491,0.3952,304,128,304,108
KGv3_noretrain,valid,0,0.0625,0.1172,0.1484,0.1797,0.2889,0.3794,0.4611,0.4973,0.2302,0.3091,0.3766,0.413,304,128,304,108
KGv3_noretrain,valid,5,0.0781,0.1094,0.1406,0.1562,0.2818,0.3986,0.4704,0.5099,0.2273,0.3232,0.3835,0.4175,304,128,304,108
KGv3_noretrain,valid,10,0.0703,0.1172,0.1562,0.1719,0.2725,0.3607,0.4348,0.4594,0.2205,0.2953,0.3596,0.3827,304,128,304,108
KGv3_noretrain,valid,15,0.0391,0.0859,0.1016,0.1328,0.1957,0.3416,0.4068,0.4364,0.1566,0.2763,0.3269,0.356,304,128,304,108
KGv3_noretrain,valid,20,0.0703,0.1094,0.1406,0.1406,0.2412,0.3427,0.4211,0.4424,0.1974,0.282,0.3495,0.3653,304,128,304,108
KGv3_noretrain,valid,25,0.0625,0.0938,0.1797,0.2031,0.21,0.3427,0.4167,0.4479,0.1719,0.2771,0.356,0.3863,304,128,304,108
KGv3_noretrain,valid,30,0.0547,0.0625,0.1328,0.1758,0.1891,0.3344,0.3936,0.4375,0.1566,0.2662,0.3293,0.3726,304,128,304,108
KGv3_noretrain,valid,35,0.0547,0.0938,0.1328,0.1641,0.1875,0.2977,0.3914,0.4337,0.1529,0.2464,0.3252,0.3661,304,128,304,108
