strategy,exp,hg,hv,variant,split,n_IG,n_OOG_matched,OOG@1_s9,OOG@2_s9,OOG@3_s9,OOG@4_s9,IG@1,IG@2,IG@3,IG@4,all@1_s9,all@2_s9,all@3_s9,all@4_s9,turns,OOG@1_exp,OOG@2_exp,OOG@3_exp,OOG@4_exp,all@1_exp,all@2_exp,all@3_exp,all@4_exp
GraphAug_v3a,exp6,35,30,v3a,test,275,98,0.102,0.153,0.173,0.194,0.2,0.305,0.347,0.415,0.174,0.265,0.302,0.357,7.6,0.097,0.142,0.167,0.179,0.173,0.263,0.3,0.353
GraphAug_v3a,exp6,35,0,v3a,valid,304,108,0.019,0.056,0.065,0.065,0.269,0.351,0.384,0.442,0.203,0.274,0.301,0.343,7.5,0.016,0.047,0.062,0.062,0.203,0.272,0.3,0.342
GraphAug_v3a,exp6,35,5,v3a,valid,304,108,0.037,0.065,0.065,0.065,0.284,0.353,0.401,0.451,0.219,0.278,0.313,0.35,7.7,0.031,0.055,0.055,0.055,0.218,0.275,0.31,0.347
GraphAug_v3a,exp6,35,10,v3a,valid,304,108,0.056,0.093,0.12,0.12,0.282,0.37,0.416,0.478,0.223,0.297,0.338,0.384,8.0,0.055,0.094,0.125,0.125,0.223,0.297,0.339,0.386
GraphAug_v3a,exp6,35,15,v3a,valid,304,108,0.065,0.111,0.13,0.148,0.27,0.34,0.397,0.45,0.216,0.28,0.327,0.371,8.1,0.062,0.117,0.141,0.156,0.215,0.282,0.33,0.373
GraphAug_v3a,exp6,35,20,v3a,valid,304,108,0.074,0.139,0.148,0.157,0.223,0.322,0.387,0.441,0.184,0.274,0.324,0.367,8.0,0.094,0.148,0.156,0.164,0.189,0.276,0.327,0.369
GraphAug_v3a,exp6,35,25,v3a,valid,304,108,0.074,0.139,0.139,0.167,0.231,0.333,0.366,0.446,0.19,0.282,0.306,0.373,7.4,0.078,0.141,0.141,0.172,0.191,0.282,0.307,0.374
GraphAug_v3a,exp6,35,30,v3a,valid,304,108,0.134,0.171,0.227,0.227,0.249,0.348,0.419,0.486,0.219,0.302,0.369,0.418,7.6,0.137,0.168,0.215,0.23,0.22,0.301,0.365,0.419
GraphAug_v3a,exp6,35,35,v3a,valid,304,108,0.102,0.148,0.176,0.185,0.208,0.33,0.39,0.453,0.18,0.282,0.334,0.383,7.5,0.109,0.156,0.18,0.188,0.182,0.284,0.335,0.383
GraphAug_v3b,exp6,35,0,v3b,valid,304,108,0.046,0.056,0.056,0.065,0.259,0.356,0.407,0.468,0.203,0.278,0.315,0.362,8.4,0.039,0.047,0.047,0.062,0.202,0.275,0.313,0.362
GraphAug_v3b,exp6,35,5,v3b,valid,304,108,0.028,0.056,0.065,0.093,0.247,0.308,0.367,0.415,0.19,0.242,0.288,0.331,8.2,0.023,0.055,0.062,0.086,0.189,0.242,0.287,0.329
GraphAug_v3b,exp6,35,10,v3b,valid,304,108,0.056,0.083,0.111,0.12,0.268,0.365,0.417,0.473,0.212,0.291,0.337,0.381,7.9,0.055,0.086,0.109,0.117,0.212,0.292,0.337,0.38
GraphAug_v3b,exp6,35,15,v3b,valid,304,108,0.065,0.093,0.12,0.13,0.24,0.33,0.402,0.471,0.194,0.268,0.328,0.382,7.9,0.055,0.086,0.109,0.117,0.191,0.266,0.326,0.379
GraphAug_v3b,exp6,35,20,v3b,valid,304,108,0.116,0.153,0.162,0.162,0.213,0.315,0.36,0.427,0.188,0.273,0.308,0.358,7.2,0.113,0.145,0.152,0.168,0.187,0.27,0.305,0.359
GraphAug_v3b,exp6,35,25,v3b,valid,304,108,0.102,0.13,0.167,0.185,0.257,0.353,0.404,0.478,0.216,0.294,0.342,0.401,8.1,0.102,0.125,0.156,0.172,0.216,0.293,0.339,0.397
GraphAug_v3b,exp6,35,30,v3b,valid,304,108,0.13,0.167,0.213,0.231,0.19,0.279,0.325,0.405,0.174,0.249,0.295,0.359,8.3,0.133,0.172,0.211,0.227,0.175,0.251,0.295,0.358
GraphAug_v3b,exp6,35,35,v3b,valid,304,108,0.111,0.157,0.157,0.167,0.235,0.348,0.381,0.45,0.202,0.298,0.322,0.375,7.7,0.109,0.156,0.156,0.164,0.202,0.298,0.322,0.375
KGaug_v3only,exp6,20,0,sweep,test,275,98,0.061,0.071,0.082,0.082,0.225,0.327,0.364,0.425,0.182,0.26,0.29,0.335,7.0,0.074,0.082,0.091,0.099,0.186,0.263,0.292,0.34
KGaug_v3only,exp6,20,5,sweep,test,275,98,0.082,0.082,0.092,0.102,0.24,0.338,0.373,0.405,0.198,0.271,0.299,0.326,6.8,0.064,0.08,0.088,0.101,0.194,0.27,0.298,0.325
KGaug_v3only,exp6,20,10,sweep,test,275,98,0.082,0.082,0.082,0.092,0.236,0.322,0.375,0.415,0.196,0.259,0.298,0.33,6.7,0.066,0.07,0.078,0.091,0.192,0.256,0.297,0.329
KGaug_v3only,exp6,20,15,sweep,test,275,98,0.082,0.082,0.112,0.122,0.205,0.316,0.38,0.418,0.173,0.255,0.31,0.34,6.4,0.07,0.082,0.095,0.103,0.17,0.255,0.305,0.335
KGaug_v3only,exp6,20,20,sweep,test,275,98,0.071,0.102,0.102,0.112,0.222,0.316,0.36,0.38,0.182,0.26,0.292,0.31,6.8,0.074,0.091,0.095,0.107,0.183,0.257,0.29,0.308
KGaug_v3only,exp6,35,25,sweep,test,275,98,0.122,0.122,0.143,0.163,0.225,0.327,0.387,0.427,0.198,0.273,0.323,0.358,7.3,0.084,0.097,0.134,0.154,0.188,0.267,0.321,0.356
KGaug_v3only,exp6,20,0,sweep,valid,304,108,0.056,0.056,0.065,0.074,0.275,0.366,0.428,0.487,0.218,0.284,0.333,0.379,6.6,0.047,0.047,0.055,0.062,0.215,0.282,0.33,0.376
KGaug_v3only,exp6,35,0,sweep,valid,304,108,0.074,0.12,0.13,0.148,0.276,0.39,0.475,0.508,0.223,0.32,0.385,0.414,6.1,0.062,0.117,0.133,0.148,0.22,0.319,0.386,0.414
KGaug_v3only,exp6,20,5,sweep,valid,304,108,0.046,0.083,0.083,0.093,0.268,0.399,0.456,0.502,0.21,0.316,0.358,0.395,6.6,0.039,0.078,0.078,0.086,0.208,0.315,0.357,0.393
KGaug_v3only,exp6,35,5,sweep,valid,304,108,0.056,0.111,0.139,0.139,0.275,0.374,0.436,0.477,0.218,0.305,0.358,0.388,6.3,0.055,0.102,0.133,0.133,0.217,0.303,0.356,0.387
KGaug_v3only,exp6,20,10,sweep,valid,304,108,0.037,0.056,0.056,0.083,0.243,0.36,0.416,0.493,0.189,0.28,0.322,0.386,6.3,0.031,0.055,0.055,0.078,0.187,0.28,0.321,0.385
KGaug_v3only,exp6,35,10,sweep,valid,304,108,0.083,0.102,0.139,0.139,0.256,0.373,0.427,0.483,0.211,0.302,0.352,0.393,6.1,0.07,0.102,0.133,0.133,0.207,0.302,0.35,0.391
KGaug_v3only,exp6,20,15,sweep,valid,304,108,0.028,0.037,0.046,0.065,0.294,0.397,0.432,0.473,0.224,0.303,0.331,0.366,6.2,0.023,0.031,0.047,0.062,0.223,0.301,0.331,0.365
KGaug_v3only,exp6,35,15,sweep,valid,304,108,0.083,0.102,0.13,0.148,0.249,0.361,0.425,0.459,0.206,0.293,0.347,0.378,6.0,0.07,0.086,0.109,0.125,0.202,0.289,0.342,0.372
KGaug_v3only,exp6,20,20,sweep,valid,304,108,0.056,0.056,0.102,0.111,0.241,0.337,0.399,0.47,0.193,0.263,0.321,0.376,6.5,0.047,0.055,0.094,0.102,0.19,0.263,0.319,0.373
KGaug_v3only,exp6,35,20,sweep,valid,304,108,0.056,0.065,0.111,0.157,0.249,0.346,0.407,0.456,0.199,0.272,0.329,0.378,6.3,0.055,0.07,0.109,0.148,0.198,0.274,0.329,0.375
KGaug_v3only,exp6,35,25,sweep,valid,304,108,0.083,0.093,0.102,0.13,0.213,0.364,0.426,0.495,0.179,0.293,0.341,0.399,7.3,0.07,0.086,0.094,0.117,0.175,0.291,0.339,0.396
KGaug_v3only,exp6,35,30,sweep,valid,304,108,0.083,0.111,0.12,0.13,0.271,0.379,0.431,0.469,0.222,0.309,0.35,0.38,6.7,0.07,0.109,0.117,0.133,0.218,0.308,0.349,0.381
KGaug_v3only,exp6,35,35,sweep,valid,304,108,0.056,0.093,0.13,0.176,0.246,0.358,0.43,0.47,0.196,0.288,0.352,0.393,6.5,0.055,0.086,0.117,0.172,0.196,0.287,0.348,0.392
KGaug_v3sweep,exp6,35,0,v3sweep,valid,304,108,0.074,0.13,0.167,0.194,0.289,0.379,0.461,0.497,0.233,0.314,0.384,0.418,6.1,0.062,0.117,0.148,0.18,0.23,0.311,0.379,0.414
KGaug_v3sweep,exp6,35,5,v3sweep,valid,304,108,0.083,0.102,0.139,0.157,0.282,0.399,0.47,0.51,0.23,0.321,0.383,0.417,6.4,0.078,0.109,0.141,0.156,0.228,0.323,0.384,0.417
KGaug_v3sweep,exp6,35,10,v3sweep,valid,304,108,0.083,0.13,0.157,0.176,0.272,0.361,0.435,0.459,0.223,0.3,0.362,0.385,6.1,0.07,0.117,0.156,0.172,0.219,0.297,0.362,0.384
KGaug_v3sweep,exp6,35,15,v3sweep,valid,304,108,0.046,0.102,0.12,0.148,0.196,0.342,0.407,0.436,0.157,0.279,0.332,0.361,6.5,0.039,0.086,0.102,0.133,0.155,0.275,0.327,0.357
KGaug_v3sweep,exp6,35,20,v3sweep,valid,304,108,0.074,0.111,0.139,0.139,0.241,0.343,0.421,0.442,0.197,0.282,0.347,0.363,6.8,0.07,0.109,0.141,0.141,0.196,0.282,0.348,0.363
KGaug_v3sweep,exp6,35,25,v3sweep,valid,304,108,0.074,0.102,0.204,0.213,0.21,0.343,0.417,0.448,0.174,0.28,0.361,0.386,7.1,0.062,0.094,0.18,0.203,0.171,0.277,0.355,0.384
KGaug_v3sweep,exp6,35,30,v3sweep,valid,304,108,0.065,0.065,0.148,0.19,0.189,0.334,0.394,0.438,0.157,0.264,0.329,0.373,7.3,0.055,0.062,0.133,0.176,0.154,0.263,0.325,0.369
KGaug_v3sweep,exp6,35,35,v3sweep,valid,304,108,0.065,0.102,0.148,0.176,0.188,0.298,0.391,0.434,0.155,0.246,0.328,0.366,7.1,0.055,0.094,0.133,0.164,0.153,0.244,0.324,0.363
OtherNode,exp5,15,0,sweep,test,275,98,0.0,0.0,0.0,0.061,0.22,0.26,0.325,0.365,0.162,0.192,0.24,0.286,6.7,0.0,0.0,0.004,0.078,0.162,0.192,0.241,0.29
OtherNode,exp5,15,5,sweep,test,275,98,0.0,0.0,0.01,0.112,0.202,0.285,0.355,0.396,0.149,0.21,0.264,0.322,6.9,0.0,0.0,0.025,0.132,0.149,0.21,0.268,0.327
OtherNode,exp5,15,10,sweep,test,275,98,0.184,0.194,0.255,0.449,0.185,0.265,0.345,0.382,0.185,0.247,0.322,0.399,6.2,0.14,0.148,0.181,0.42,0.173,0.235,0.302,0.392
OtherNode,exp5,15,15,sweep,test,275,98,0.347,0.347,0.378,0.633,0.198,0.315,0.384,0.4,0.237,0.323,0.382,0.461,7.0,0.366,0.366,0.391,0.593,0.242,0.328,0.386,0.451
OtherNode,exp5,30,15,sweep,test,275,98,0.571,0.602,0.673,0.847,0.171,0.244,0.284,0.311,0.276,0.338,0.386,0.452,7.4,0.477,0.502,0.568,0.811,0.251,0.312,0.358,0.442
OtherNode,exp5,15,20,sweep,test,275,98,0.551,0.551,0.561,0.673,0.169,0.28,0.344,0.396,0.269,0.351,0.401,0.469,7.0,0.51,0.51,0.514,0.63,0.259,0.341,0.389,0.458
OtherNode,exp5,30,25,sweep,test,275,98,0.724,0.745,0.786,0.898,0.122,0.255,0.298,0.313,0.28,0.383,0.426,0.466,7.4,0.724,0.737,0.77,0.877,0.28,0.381,0.422,0.461
OtherNode,exp5,15,0,sweep,valid,304,108,0.0,0.0,0.0,0.028,0.263,0.333,0.395,0.448,0.194,0.246,0.292,0.338,6.4,0.0,0.0,0.0,0.031,0.194,0.246,0.292,0.339
OtherNode,exp5,30,0,sweep,valid,304,108,0.0,0.0,0.009,0.204,0.19,0.254,0.316,0.359,0.14,0.188,0.236,0.318,6.6,0.0,0.0,0.016,0.219,0.14,0.188,0.238,0.322
OtherNode,exp5,15,5,smoke,valid,3,1,0.0,0.0,0.0,0.0,0.333,0.333,0.667,0.667,0.25,0.25,0.5,0.5,7.0,0.0,0.0,0.0,0.0,0.25,0.25,0.5,0.5
OtherNode,exp5,15,5,sweep,valid,304,108,0.009,0.009,0.009,0.204,0.197,0.269,0.333,0.399,0.148,0.201,0.248,0.347,6.8,0.008,0.008,0.008,0.172,0.147,0.2,0.248,0.339
OtherNode,exp5,30,5,sweep,valid,304,108,0.0,0.028,0.111,0.491,0.203,0.26,0.293,0.326,0.15,0.199,0.245,0.369,6.9,0.0,0.023,0.109,0.469,0.15,0.198,0.245,0.363
OtherNode,exp5,15,10,sweep,valid,304,108,0.065,0.065,0.093,0.343,0.205,0.286,0.374,0.412,0.168,0.228,0.301,0.394,6.3,0.07,0.07,0.094,0.336,0.17,0.229,0.301,0.392
OtherNode,exp5,30,10,sweep,valid,304,108,0.324,0.343,0.463,0.778,0.19,0.269,0.308,0.334,0.225,0.288,0.349,0.451,6.4,0.289,0.32,0.43,0.734,0.216,0.282,0.34,0.439
OtherNode,exp5,15,15,sweep,valid,304,108,0.306,0.306,0.306,0.491,0.204,0.296,0.376,0.41,0.231,0.298,0.357,0.431,7.1,0.32,0.32,0.32,0.5,0.234,0.302,0.361,0.434
OtherNode,exp5,30,15,sweep,valid,304,108,0.38,0.398,0.491,0.713,0.164,0.255,0.315,0.351,0.22,0.293,0.361,0.446,6.9,0.383,0.422,0.508,0.719,0.221,0.299,0.365,0.447
OtherNode,exp5,15,20,sweep,valid,304,108,0.537,0.537,0.546,0.639,0.167,0.269,0.353,0.407,0.264,0.339,0.403,0.468,7.1,0.57,0.57,0.586,0.68,0.273,0.348,0.414,0.478
OtherNode,exp5,30,20,sweep,valid,304,108,0.62,0.639,0.676,0.833,0.129,0.225,0.272,0.294,0.258,0.333,0.378,0.435,7.2,0.625,0.641,0.672,0.836,0.259,0.334,0.377,0.436
OtherNode,exp5,30,25,sweep,valid,304,108,0.648,0.648,0.676,0.87,0.143,0.259,0.302,0.33,0.275,0.361,0.4,0.472,7.2,0.641,0.641,0.672,0.867,0.273,0.359,0.399,0.471
OtherNode,exp5,30,30,sweep,valid,304,108,0.806,0.815,0.824,0.917,0.098,0.195,0.253,0.294,0.283,0.357,0.403,0.458,7.4,0.805,0.812,0.82,0.914,0.283,0.357,0.402,0.457
OtherNode,exp5,30,35,sweep,valid,304,108,0.833,0.833,0.852,0.944,0.093,0.21,0.258,0.283,0.287,0.373,0.413,0.457,7.6,0.82,0.828,0.852,0.945,0.284,0.372,0.413,0.457
