strategy,exp,hg,hv,variant,split,n_IG,n_OOG_full,n_OOG_matched,OOG@1,OOG@2,OOG@3,OOG@4,IG@1,IG@2,IG@3,IG@4,all@1,all@2,all@3,all@4,turns
GraphAug_v3a,exp6,35,30,v3a,test,275,243,98,0.082,0.112,0.143,0.143,0.2,0.305,0.347,0.415,0.169,0.255,0.294,0.343,7.4
GraphAug_v3a,exp6,35,0,v3a,valid,304,128,108,0.019,0.056,0.074,0.074,0.269,0.351,0.384,0.442,0.203,0.274,0.303,0.345,7.4
GraphAug_v3a,exp6,35,5,v3a,valid,304,128,108,0.028,0.056,0.056,0.056,0.284,0.353,0.401,0.451,0.217,0.275,0.31,0.347,7.5
GraphAug_v3a,exp6,35,10,v3a,valid,304,128,108,0.046,0.093,0.12,0.12,0.282,0.37,0.416,0.478,0.22,0.297,0.338,0.384,7.9
GraphAug_v3a,exp6,35,15,v3a,valid,304,128,108,0.046,0.102,0.13,0.148,0.27,0.34,0.397,0.45,0.211,0.278,0.327,0.371,7.9
GraphAug_v3a,exp6,35,20,v3a,valid,304,128,108,0.093,0.157,0.167,0.176,0.223,0.322,0.387,0.441,0.189,0.279,0.329,0.372,7.8
GraphAug_v3a,exp6,35,25,v3a,valid,304,128,108,0.074,0.139,0.139,0.176,0.231,0.333,0.366,0.446,0.19,0.282,0.306,0.375,7.2
GraphAug_v3a,exp6,35,30,v3a,valid,304,128,108,0.144,0.181,0.236,0.255,0.249,0.348,0.419,0.486,0.222,0.304,0.371,0.425,7.6
GraphAug_v3a,exp6,35,35,v3a,valid,304,128,108,0.111,0.157,0.185,0.194,0.208,0.33,0.39,0.453,0.183,0.285,0.337,0.385,7.4
GraphAug_v3b,exp6,35,0,v3b,valid,304,128,108,0.037,0.046,0.046,0.065,0.259,0.356,0.407,0.468,0.201,0.275,0.313,0.362,8.1
GraphAug_v3b,exp6,35,5,v3b,valid,304,128,108,0.028,0.065,0.074,0.102,0.247,0.308,0.367,0.415,0.19,0.244,0.29,0.333,8.2
GraphAug_v3b,exp6,35,10,v3b,valid,304,128,108,0.056,0.093,0.12,0.12,0.268,0.365,0.417,0.473,0.212,0.293,0.339,0.381,7.9
GraphAug_v3b,exp6,35,15,v3b,valid,304,128,108,0.056,0.083,0.111,0.12,0.24,0.33,0.402,0.471,0.191,0.265,0.326,0.379,7.8
GraphAug_v3b,exp6,35,20,v3b,valid,304,128,108,0.116,0.153,0.162,0.181,0.213,0.315,0.36,0.427,0.188,0.273,0.308,0.362,7.0
GraphAug_v3b,exp6,35,25,v3b,valid,304,128,108,0.102,0.13,0.167,0.176,0.257,0.353,0.404,0.478,0.216,0.294,0.342,0.398,8.1
GraphAug_v3b,exp6,35,30,v3b,valid,304,128,108,0.148,0.194,0.241,0.259,0.19,0.279,0.325,0.405,0.179,0.256,0.303,0.367,8.1
GraphAug_v3b,exp6,35,35,v3b,valid,304,128,108,0.12,0.176,0.176,0.185,0.235,0.348,0.381,0.45,0.205,0.303,0.327,0.38,7.7
KGaug_v3only,exp6,20,0,sweep,test,275,243,98,0.082,0.082,0.102,0.112,0.225,0.327,0.364,0.425,0.188,0.263,0.295,0.343,6.9
KGaug_v3only,exp6,20,5,sweep,test,275,243,98,0.061,0.092,0.092,0.112,0.24,0.338,0.373,0.405,0.193,0.273,0.299,0.328,6.6
KGaug_v3only,exp6,20,10,sweep,test,275,243,98,0.051,0.051,0.061,0.071,0.236,0.322,0.375,0.415,0.188,0.251,0.292,0.324,6.6
KGaug_v3only,exp6,20,15,sweep,test,275,243,98,0.071,0.082,0.102,0.112,0.205,0.316,0.38,0.418,0.17,0.255,0.307,0.338,6.4
KGaug_v3only,exp6,20,20,sweep,test,275,243,98,0.051,0.061,0.061,0.092,0.222,0.316,0.36,0.38,0.177,0.249,0.282,0.304,6.8
KGaug_v3only,exp6,35,25,sweep,test,275,243,98,0.082,0.102,0.133,0.143,0.225,0.327,0.387,0.427,0.188,0.268,0.32,0.353,7.4
KGaug_v3only,exp6,20,0,sweep,valid,304,128,108,0.056,0.056,0.056,0.065,0.275,0.366,0.428,0.487,0.218,0.284,0.331,0.376,6.6
KGaug_v3only,exp6,35,0,sweep,valid,304,128,108,0.056,0.111,0.13,0.148,0.276,0.39,0.475,0.508,0.218,0.317,0.385,0.414,6.1
KGaug_v3only,exp6,20,5,sweep,valid,304,128,108,0.037,0.083,0.083,0.093,0.268,0.399,0.456,0.502,0.207,0.316,0.358,0.395,6.5
KGaug_v3only,exp6,35,5,sweep,valid,304,128,108,0.065,0.111,0.139,0.139,0.275,0.374,0.436,0.477,0.22,0.305,0.358,0.388,6.3
KGaug_v3only,exp6,20,10,sweep,valid,304,128,108,0.019,0.046,0.046,0.065,0.243,0.36,0.416,0.493,0.184,0.278,0.319,0.381,6.2
KGaug_v3only,exp6,35,10,sweep,valid,304,128,108,0.065,0.102,0.12,0.12,0.256,0.373,0.427,0.483,0.206,0.302,0.347,0.388,6.0
KGaug_v3only,exp6,20,15,sweep,valid,304,128,108,0.028,0.028,0.046,0.056,0.294,0.397,0.432,0.473,0.224,0.301,0.331,0.364,6.2
KGaug_v3only,exp6,35,15,sweep,valid,304,128,108,0.065,0.083,0.102,0.111,0.249,0.361,0.425,0.459,0.201,0.288,0.34,0.368,5.9
KGaug_v3only,exp6,20,20,sweep,valid,304,128,108,0.037,0.046,0.093,0.102,0.241,0.337,0.399,0.47,0.188,0.261,0.319,0.373,6.4
KGaug_v3only,exp6,35,20,sweep,valid,304,128,108,0.037,0.046,0.093,0.139,0.249,0.346,0.407,0.456,0.194,0.267,0.324,0.373,6.2
KGaug_v3only,exp6,35,25,sweep,valid,304,128,108,0.065,0.083,0.093,0.111,0.213,0.364,0.426,0.495,0.174,0.29,0.339,0.394,7.3
KGaug_v3only,exp6,35,30,sweep,valid,304,128,108,0.074,0.102,0.111,0.13,0.271,0.379,0.431,0.469,0.219,0.306,0.347,0.38,6.6
KGaug_v3only,exp6,35,35,sweep,valid,304,128,108,0.046,0.074,0.102,0.167,0.246,0.358,0.43,0.47,0.194,0.284,0.344,0.39,6.5
KGaug_v3sweep,exp6,35,0,v3sweep,valid,304,128,108,0.056,0.12,0.139,0.176,0.289,0.379,0.461,0.497,0.228,0.311,0.377,0.413,6.0
KGaug_v3sweep,exp6,35,5,v3sweep,valid,304,128,108,0.074,0.102,0.139,0.157,0.282,0.399,0.47,0.51,0.227,0.321,0.383,0.417,6.3
KGaug_v3sweep,exp6,35,10,v3sweep,valid,304,128,108,0.056,0.102,0.148,0.157,0.272,0.361,0.435,0.459,0.216,0.293,0.36,0.38,6.0
KGaug_v3sweep,exp6,35,15,v3sweep,valid,304,128,108,0.046,0.074,0.093,0.12,0.196,0.342,0.407,0.436,0.157,0.271,0.324,0.354,6.4
KGaug_v3sweep,exp6,35,20,v3sweep,valid,304,128,108,0.065,0.111,0.139,0.139,0.241,0.343,0.421,0.442,0.195,0.282,0.347,0.363,6.7
KGaug_v3sweep,exp6,35,25,v3sweep,valid,304,128,108,0.056,0.093,0.157,0.185,0.21,0.343,0.417,0.448,0.169,0.277,0.349,0.379,7.0
KGaug_v3sweep,exp6,35,30,v3sweep,valid,304,128,108,0.056,0.065,0.13,0.181,0.189,0.334,0.394,0.438,0.154,0.264,0.324,0.37,7.3
KGaug_v3sweep,exp6,35,35,v3sweep,valid,304,128,108,0.056,0.102,0.148,0.185,0.188,0.298,0.391,0.434,0.153,0.246,0.328,0.369,7.0
OtherNode,exp5,15,0,sweep,test,275,243,98,0.0,0.0,0.0,0.061,0.22,0.26,0.325,0.365,0.162,0.192,0.24,0.286,6.7
OtherNode,exp5,15,5,sweep,test,275,243,98,0.0,0.0,0.041,0.163,0.202,0.285,0.355,0.396,0.149,0.21,0.272,0.335,6.9
OtherNode,exp5,15,10,sweep,test,275,243,98,0.153,0.153,0.194,0.439,0.185,0.265,0.345,0.382,0.177,0.236,0.306,0.397,6.1
OtherNode,exp5,15,15,sweep,test,275,243,98,0.347,0.347,0.367,0.592,0.198,0.315,0.384,0.4,0.237,0.323,0.379,0.45,7.0
OtherNode,exp5,30,15,sweep,test,275,243,98,0.49,0.52,0.592,0.867,0.171,0.244,0.284,0.311,0.255,0.316,0.365,0.457,7.3
OtherNode,exp5,15,20,sweep,test,275,243,98,0.48,0.48,0.48,0.592,0.169,0.28,0.344,0.396,0.251,0.332,0.379,0.448,7.0
OtherNode,exp5,30,25,sweep,test,275,243,98,0.776,0.776,0.837,0.929,0.122,0.255,0.298,0.313,0.294,0.391,0.44,0.475,7.4
OtherNode,exp5,15,0,sweep,valid,304,128,108,0.0,0.0,0.0,0.037,0.263,0.333,0.395,0.448,0.194,0.246,0.292,0.34,6.3
OtherNode,exp5,30,0,sweep,valid,304,128,108,0.0,0.0,0.019,0.194,0.19,0.254,0.316,0.359,0.14,0.188,0.238,0.316,6.6
OtherNode,exp5,15,5,smoke,valid,3,3,3,0.0,0.0,0.0,0.0,0.333,0.333,0.667,0.667,0.167,0.167,0.333,0.333,6.5
OtherNode,exp5,15,5,sweep,valid,304,128,108,0.009,0.009,0.009,0.176,0.197,0.269,0.333,0.399,0.148,0.201,0.248,0.34,6.8
OtherNode,exp5,30,5,sweep,valid,304,128,108,0.0,0.028,0.111,0.463,0.203,0.26,0.293,0.326,0.15,0.199,0.245,0.362,6.8
OtherNode,exp5,15,10,sweep,valid,304,128,108,0.074,0.074,0.102,0.333,0.205,0.286,0.374,0.412,0.171,0.23,0.303,0.391,6.2
OtherNode,exp5,30,10,sweep,valid,304,128,108,0.306,0.343,0.444,0.731,0.19,0.269,0.308,0.334,0.22,0.288,0.344,0.439,6.3
OtherNode,exp5,15,15,sweep,valid,304,128,108,0.315,0.315,0.315,0.491,0.204,0.296,0.376,0.41,0.233,0.301,0.36,0.431,7.0
OtherNode,exp5,30,15,sweep,valid,304,128,108,0.38,0.417,0.509,0.722,0.164,0.255,0.315,0.351,0.22,0.298,0.366,0.448,7.0
OtherNode,exp5,15,20,sweep,valid,304,128,108,0.565,0.565,0.583,0.676,0.167,0.269,0.353,0.407,0.271,0.347,0.413,0.477,7.0
OtherNode,exp5,30,20,sweep,valid,304,128,108,0.62,0.639,0.667,0.833,0.129,0.225,0.272,0.294,0.258,0.333,0.376,0.435,7.2
OtherNode,exp5,30,25,sweep,valid,304,128,108,0.648,0.648,0.676,0.88,0.143,0.259,0.302,0.33,0.275,0.361,0.4,0.474,7.1
OtherNode,exp5,30,30,sweep,valid,304,128,108,0.806,0.806,0.815,0.926,0.098,0.195,0.253,0.294,0.283,0.355,0.4,0.46,7.4
OtherNode,exp5,30,35,sweep,valid,304,128,108,0.824,0.833,0.861,0.935,0.093,0.21,0.258,0.283,0.285,0.373,0.416,0.454,7.5
paper_orig,-,-,-,-,test,275,-,98,0.0,0.0,0.0,0.0,0.25,0.361,0.394,0.418,0.184,0.266,0.29,0.308,-
paper_orig,-,-,-,-,valid,304,-,108,0.0,0.0,0.0,0.0,0.25,0.361,0.394,0.418,0.184,0.266,0.291,0.308,-
