# HG (classifier) sweep. IG@k/OOG@k = top-k Recall on classifier eval set (n_IG=1075, n_OOG=395). all@k weighted at real prevalence IG:OOG=2.81:1. OtherNode HG=338+Other, GraphAug HG=528.
strategy,exp,split,ratio,n_IG,n_OOG,IG@1,IG@2,IG@3,IG@4,OOG@1,OOG@2,OOG@3,OOG@4,all@1,all@2,all@3,all@4
paper_HG,paper_HG,test,-,1075,0,0.323,0.448,0.525,0.559,0.0,0.0,0.0,0.0,0.238,0.33,0.387,0.412
paper_HG,paper_HG,test,-,1075,0,0.323,0.448,0.525,0.559,0.0,0.0,0.0,0.0,0.238,0.33,0.387,0.412
paper_HG,paper_HG,valid,-,1075,0,0.416,0.502,0.561,0.601,0.0,0.0,0.0,0.0,0.307,0.37,0.414,0.443
paper_HG,paper_HG,valid,-,1075,0,0.416,0.502,0.561,0.601,0.0,0.0,0.0,0.0,0.307,0.37,0.414,0.443
OtherNode_HG(338+Other),exp5,test,0%,1075,395,0.277,0.406,0.499,0.546,0.0,0.0,0.0,0.0,0.204,0.299,0.368,0.403
OtherNode_HG(338+Other),exp5,test,5%,1075,395,0.308,0.438,0.528,0.575,0.565,0.699,0.747,0.785,0.376,0.506,0.585,0.63
OtherNode_HG(338+Other),exp5,test,10%,1075,395,0.292,0.413,0.487,0.531,0.739,0.818,0.851,0.873,0.409,0.519,0.583,0.621
OtherNode_HG(338+Other),exp5,test,15%,1075,395,0.305,0.416,0.516,0.562,0.833,0.886,0.914,0.919,0.443,0.539,0.62,0.656
OtherNode_HG(338+Other),exp5,test,20%,1075,395,0.287,0.428,0.493,0.546,0.861,0.894,0.914,0.927,0.438,0.551,0.603,0.646
OtherNode_HG(338+Other),exp5,test,25%,1075,395,0.335,0.444,0.51,0.556,0.889,0.914,0.929,0.942,0.48,0.567,0.62,0.657
OtherNode_HG(338+Other),exp5,test,30%,1075,395,0.3,0.427,0.496,0.54,0.977,0.987,0.987,0.99,0.478,0.574,0.625,0.658
OtherNode_HG(338+Other),exp5,test,35%,1075,395,0.316,0.419,0.491,0.53,0.932,0.947,0.947,0.949,0.477,0.558,0.61,0.64
OtherNode_HG(338+Other),exp5,valid,0%,1075,395,0.349,0.464,0.553,0.601,0.0,0.0,0.0,0.0,0.258,0.342,0.408,0.444
OtherNode_HG(338+Other),exp5,valid,5%,1075,395,0.391,0.507,0.58,0.636,0.46,0.65,0.745,0.774,0.409,0.545,0.623,0.672
OtherNode_HG(338+Other),exp5,valid,10%,1075,395,0.377,0.488,0.556,0.595,0.701,0.796,0.847,0.89,0.462,0.569,0.633,0.672
OtherNode_HG(338+Other),exp5,valid,15%,1075,395,0.393,0.53,0.594,0.647,0.796,0.839,0.876,0.898,0.499,0.611,0.668,0.713
OtherNode_HG(338+Other),exp5,valid,20%,1075,395,0.38,0.503,0.574,0.606,0.839,0.876,0.927,0.949,0.501,0.601,0.667,0.696
OtherNode_HG(338+Other),exp5,valid,25%,1075,395,0.374,0.51,0.575,0.616,0.803,0.847,0.883,0.912,0.487,0.599,0.656,0.694
OtherNode_HG(338+Other),exp5,valid,30%,1075,395,0.382,0.502,0.563,0.616,0.978,0.993,0.993,0.993,0.538,0.631,0.676,0.715
OtherNode_HG(338+Other),exp5,valid,35%,1075,395,0.406,0.489,0.559,0.602,0.927,0.942,0.949,0.956,0.543,0.608,0.661,0.695
GraphAug_HG(528),exp6,test,0%,1075,395,0.308,0.445,0.533,0.581,0.0,0.0,0.0,0.0,0.227,0.328,0.393,0.429
GraphAug_HG(528),exp6,test,5%,1075,395,0.353,0.453,0.539,0.604,0.005,0.02,0.042,0.072,0.261,0.339,0.409,0.464
GraphAug_HG(528),exp6,test,10%,1075,395,0.319,0.428,0.5,0.534,0.186,0.262,0.295,0.323,0.284,0.385,0.446,0.479
GraphAug_HG(528),exp6,test,15%,1075,395,0.317,0.427,0.493,0.537,0.256,0.332,0.403,0.424,0.301,0.402,0.47,0.507
GraphAug_HG(528),exp6,test,20%,1075,395,0.327,0.454,0.519,0.567,0.215,0.282,0.343,0.373,0.297,0.409,0.473,0.516
GraphAug_HG(528),exp6,test,25%,1075,395,0.324,0.434,0.508,0.556,0.294,0.375,0.428,0.453,0.316,0.418,0.487,0.529
GraphAug_HG(528),exp6,test,30%,1075,395,0.311,0.422,0.499,0.548,0.329,0.396,0.465,0.513,0.316,0.415,0.49,0.539
GraphAug_HG(528),exp6,test,35%,1075,395,0.349,0.46,0.518,0.549,0.372,0.456,0.494,0.534,0.355,0.459,0.512,0.545
GraphAug_HG(528),exp6,valid,0%,1075,395,0.396,0.511,0.581,0.633,0.0,0.0,0.0,0.0,0.292,0.377,0.428,0.467
GraphAug_HG(528),exp6,valid,5%,1075,395,0.413,0.552,0.605,0.635,0.029,0.051,0.088,0.139,0.312,0.421,0.469,0.505
GraphAug_HG(528),exp6,valid,10%,1075,395,0.405,0.504,0.569,0.603,0.175,0.263,0.314,0.35,0.345,0.441,0.502,0.536
GraphAug_HG(528),exp6,valid,15%,1075,395,0.414,0.528,0.579,0.62,0.314,0.38,0.416,0.438,0.388,0.489,0.536,0.572
GraphAug_HG(528),exp6,valid,20%,1075,395,0.383,0.506,0.578,0.622,0.288,0.376,0.434,0.478,0.358,0.472,0.54,0.584
GraphAug_HG(528),exp6,valid,25%,1075,395,0.386,0.511,0.557,0.598,0.402,0.518,0.577,0.584,0.39,0.513,0.563,0.594
GraphAug_HG(528),exp6,valid,30%,1075,395,0.392,0.502,0.565,0.603,0.405,0.529,0.544,0.573,0.395,0.509,0.559,0.595
GraphAug_HG(528),exp6,valid,35%,1075,395,0.382,0.489,0.551,0.613,0.438,0.547,0.613,0.661,0.396,0.504,0.568,0.625
