strategy,HG,split,OOG_ratio,selected,n_IG,n_OOG,OOG@1,OOG@2,OOG@3,OOG@4,IG@1,IG@2,IG@3,IG@4,all@1,all@2,all@3,all@4,turns
OtherNode,30%,valid,0%,,304,108,0.0,0.0,0.009,0.204,0.19,0.254,0.316,0.359,0.14,0.188,0.236,0.318,6.6
OtherNode,30%,valid,5%,,304,108,0.0,0.028,0.111,0.491,0.203,0.26,0.293,0.326,0.15,0.199,0.245,0.369,6.9
OtherNode,30%,valid,10%,,304,108,0.324,0.343,0.463,0.778,0.19,0.269,0.308,0.334,0.225,0.288,0.349,0.451,6.4
OtherNode,30%,valid,15%,,304,108,0.38,0.398,0.491,0.713,0.164,0.255,0.315,0.351,0.22,0.293,0.361,0.446,6.9
OtherNode,30%,valid,20%,,304,108,0.62,0.639,0.676,0.833,0.129,0.225,0.272,0.294,0.258,0.333,0.378,0.435,7.2
OtherNode,30%,valid,25%,★,304,108,0.648,0.648,0.676,0.87,0.143,0.259,0.302,0.33,0.275,0.361,0.4,0.472,7.2
OtherNode,30%,test,25%,★,275,98,0.724,0.745,0.786,0.898,0.122,0.255,0.298,0.313,0.28,0.383,0.426,0.466,7.4
OtherNode,30%,valid,30%,,304,108,0.806,0.815,0.824,0.917,0.098,0.195,0.253,0.294,0.283,0.357,0.403,0.458,7.4
OtherNode,30%,valid,35%,,304,108,0.833,0.833,0.852,0.944,0.093,0.21,0.258,0.283,0.287,0.373,0.413,0.457,7.6
GraphAug,35%,valid,0%,,304,108,0.019,0.056,0.065,0.065,0.269,0.351,0.384,0.442,0.203,0.274,0.301,0.343,7.5
GraphAug,35%,valid,5%,,304,108,0.037,0.065,0.065,0.065,0.284,0.353,0.401,0.451,0.219,0.278,0.313,0.35,7.7
GraphAug,35%,valid,10%,,304,108,0.056,0.093,0.12,0.12,0.282,0.37,0.416,0.478,0.223,0.297,0.338,0.384,8.0
GraphAug,35%,valid,15%,,304,108,0.065,0.111,0.13,0.148,0.27,0.34,0.397,0.45,0.216,0.28,0.327,0.371,8.1
GraphAug,35%,valid,20%,,304,108,0.074,0.139,0.148,0.157,0.223,0.322,0.387,0.441,0.184,0.274,0.324,0.367,8.0
GraphAug,35%,valid,25%,,304,108,0.074,0.139,0.139,0.167,0.231,0.333,0.366,0.446,0.19,0.282,0.306,0.373,7.4
GraphAug,35%,valid,30%,★,304,108,0.134,0.171,0.227,0.227,0.249,0.348,0.419,0.486,0.219,0.302,0.369,0.418,7.6
GraphAug,35%,test,30%,★,275,98,0.102,0.153,0.173,0.194,0.2,0.305,0.347,0.415,0.174,0.265,0.302,0.357,7.6
GraphAug,35%,valid,35%,,304,108,0.102,0.148,0.176,0.185,0.208,0.33,0.39,0.453,0.18,0.282,0.334,0.383,7.5
